,clientid,pubclientid,clmbuserid,imprid,siteId,goalid,cityId,stateId,countryDimId,browserId,adslotdimid,ispDimId,osVerDimId,conversion_fraud,clickIp,crtd,itmClmbLId,devTypeDimId
0,36,4,0,0,34,6384,436.0,1806.0,144.0,129639.0,321300,280429.0,199452.0,True,2,965,126,285
1,36,17,1,1,178,6384,10314.0,1817.0,144.0,129639.0,129239,136127.0,199452.0,True,1,965,181,285
2,36,4,0,0,34,6384,0.0,1812.0,144.0,129639.0,321554,172725.0,199452.0,True,1,965,181,285
3,36,4,0,0,34,6384,10300.0,1815.0,144.0,129639.0,321300,136127.0,199452.0,True,1,965,181,285
4,19,0,3,0,3296,3370,0.0,1818.0,144.0,129408.0,355768,136127.0,360833.0,True,1,965,181,285
5,36,17,1,1,178,6384,10314.0,1817.0,144.0,129639.0,129239,136127.0,199452.0,True,1,965,181,285
6,36,4,0,0,34,6384,439.0,1815.0,144.0,129639.0,321300,136127.0,199452.0,True,1,965,181,285
7,36,1,0,0,4,6384,0.0,2571.0,144.0,129639.0,355900,150208.0,199414.0,True,1,965,126,285
8,45,6,0,0,3,8628,0.0,2442.0,145.0,0.0,233531,265618.0,0.0,True,1,965,181,285
9,36,41,0,0,3290,6384,439.0,1815.0,144.0,129639.0,356952,280429.0,199452.0,True,1,965,181,285
10,19,0,3,0,3296,3370,34703.0,1818.0,144.0,129408.0,355768,136127.0,360833.0,True,1,965,181,285
11,45,6,0,0,3,8628,0.0,2437.0,145.0,0.0,233531,150733.0,0.0,True,1,965,181,285
12,45,6,0,0,3,8628,0.0,2442.0,145.0,0.0,233531,265618.0,0.0,True,1,965,126,285
13,19,0,3,0,3296,3370,34703.0,1818.0,144.0,129408.0,355768,136127.0,360833.0,True,1,965,126,285
14,36,4,0,0,34,6384,440.0,1802.0,144.0,129639.0,320284,132991.0,199414.0,True,1,965,181,285
15,36,4,0,0,34,6384,439.0,1815.0,144.0,129467.0,320283,164681.0,0.0,True,1,965,126,285
16,36,5,0,0,26,6384,440.0,1802.0,144.0,129639.0,339646,278940.0,360140.0,True,1,965,181,285
17,19,0,3,0,3296,3370,34703.0,1818.0,144.0,129408.0,355768,136127.0,360833.0,True,1,965,126,661
18,36,4,0,0,34,6384,10278.0,1808.0,144.0,129639.0,321300,136127.0,0.0,True,1,965,126,661
19,36,4,0,0,34,6384,0.0,0.0,144.0,129639.0,321554,151530.0,199452.0,True,1,965,126,285
20,36,4,0,0,34,6384,439.0,1815.0,144.0,129639.0,321554,266737.0,199452.0,True,1,965,126,285
21,36,4,0,0,34,6384,438.0,1818.0,144.0,129639.0,322232,133765.0,0.0,True,1,965,181,285
22,36,4,0,0,34,6384,10240.0,1802.0,144.0,129639.0,322232,147570.0,199414.0,True,1,965,181,285
23,36,17,1,1,178,6384,435.0,129163.0,144.0,129639.0,129239,266737.0,199452.0,True,1,965,126,661
24,36,4,0,0,34,6384,436.0,1806.0,144.0,129639.0,321554,266737.0,199452.0,True,1,965,181,285
25,36,17,1,1,178,6384,435.0,129163.0,144.0,129639.0,129239,266737.0,199452.0,True,1,965,126,285
26,36,41,0,0,3290,6384,347087.0,1812.0,144.0,129639.0,356952,172725.0,199522.0,True,1,965,181,285
27,36,4,0,0,34,6384,10240.0,1802.0,144.0,129639.0,321300,136127.0,199452.0,True,1,965,126,285
28,36,4,0,0,34,6384,435.0,129163.0,144.0,129639.0,321554,136127.0,199414.0,True,1,965,181,661
29,19,0,3,0,3296,3370,0.0,1818.0,144.0,129408.0,355768,136127.0,360833.0,True,1,965,181,285
30,39,29,0,0,2612,7803,4845.0,1504.0,149.0,129408.0,322211,135885.0,359528.0,True,1,965,126,285
31,55,1,0,0,4,10679,435.0,129163.0,144.0,129639.0,129117,177151.0,199414.0,True,2,965,181,285
32,36,4,1,1,34,6384,436.0,1806.0,144.0,129639.0,321300,266737.0,199522.0,True,2,965,126,285
33,36,4,1,1,34,6384,436.0,1806.0,144.0,129639.0,321300,266737.0,199522.0,True,1,965,126,285
34,1,2,0,0,767,280,437.0,1808.0,144.0,129408.0,215442,154900.0,360833.0,True,1,965,181,285
35,19,0,3,0,3296,3370,438.0,1818.0,144.0,129408.0,355768,136127.0,360833.0,True,1,965,126,285
36,19,0,3,0,3296,3370,0.0,2576.0,144.0,129408.0,355768,136127.0,360833.0,True,1,965,181,285
37,45,6,0,0,3,8628,0.0,2442.0,145.0,0.0,233531,265618.0,0.0,True,1,965,181,285
38,19,0,3,0,3296,3370,0.0,1818.0,144.0,129408.0,355768,136127.0,360833.0,True,1,965,181,285
39,8,6,0,0,39,1589,2942.0,2929.0,433.0,129408.0,207114,146453.0,360833.0,True,1,965,181,285
40,36,1,1,1,4,6384,10240.0,1802.0,144.0,196034.0,208630,147570.0,199452.0,True,1,965,181,285
41,19,0,3,0,3296,3370,34703.0,1818.0,144.0,129408.0,355768,136127.0,360833.0,True,1,965,126,285
42,36,1,1,1,4,6384,10240.0,1802.0,144.0,196034.0,208630,147570.0,199452.0,True,1,965,126,285
43,19,0,3,0,3296,3370,34703.0,1818.0,144.0,129408.0,355768,136127.0,360833.0,True,1,965,126,285
44,36,41,1,1,3290,6384,10314.0,1817.0,144.0,129639.0,356952,280429.0,199452.0,True,1,965,126,285
45,36,41,1,1,3290,6384,10314.0,1817.0,144.0,129639.0,356952,280429.0,199452.0,True,2,965,181,285
46,36,17,0,0,178,6384,437.0,1808.0,144.0,0.0,129239,280429.0,0.0,True,1,965,181,285
47,0,41,1,0,3290,10223,435.0,129163.0,144.0,129639.0,356952,151879.0,199414.0,True,1,965,181,285
48,36,41,2,0,3290,6384,435.0,129163.0,144.0,129639.0,356952,266737.0,199452.0,True,1,965,181,661
49,45,6,0,0,3,8628,0.0,2442.0,145.0,0.0,233531,265618.0,0.0,True,1,965,181,285
50,45,6,0,0,3,8628,0.0,2442.0,145.0,0.0,233531,265618.0,0.0,True,1,965,126,285
51,36,4,0,0,34,6384,439.0,1815.0,144.0,129639.0,320284,266737.0,199452.0,True,1,965,181,285
52,36,4,0,0,34,6384,10282.0,1810.0,144.0,129639.0,320270,280429.0,199414.0,True,1,965,181,285
53,45,6,0,0,3,8628,0.0,2437.0,145.0,0.0,233531,150733.0,0.0,True,1,965,126,285
54,45,6,0,0,3,8628,0.0,2442.0,145.0,0.0,233531,265618.0,0.0,True,2,965,181,285
55,36,4,0,0,34,6384,435.0,129163.0,144.0,129639.0,320284,280429.0,199452.0,True,1,965,126,285
56,36,41,2,0,3290,6384,435.0,129163.0,144.0,129639.0,356952,266737.0,199452.0,True,1,965,181,285
57,8,19,0,0,245,1589,0.0,2424.0,145.0,129639.0,254793,139145.0,361287.0,True,1,965,181,285
58,45,24,0,0,549,8628,0.0,2420.0,145.0,129639.0,342284,185265.0,199452.0,True,1,965,181,285
59,36,4,0,0,34,6384,435.0,129163.0,144.0,196034.0,321300,151879.0,199452.0,True,1,965,181,285
60,45,6,0,0,3,8628,0.0,2437.0,145.0,0.0,233531,150733.0,0.0,True,1,965,181,285
61,36,41,2,0,3290,6384,435.0,129163.0,144.0,129639.0,356952,266737.0,199452.0,True,1,965,126,285
62,36,17,1,1,178,6384,34708.0,2570.0,144.0,129639.0,129239,149033.0,199452.0,True,1,965,181,285
63,36,4,0,0,34,6384,435.0,129163.0,144.0,129639.0,320284,266737.0,199452.0,True,1,965,181,285
64,36,17,1,1,178,6384,34708.0,2570.0,144.0,129639.0,129239,149033.0,199452.0,True,1,965,181,285
65,1,29,0,0,2612,280,436.0,1806.0,144.0,129408.0,322211,136127.0,360831.0,True,1,965,181,285
66,36,17,0,0,178,6384,437.0,1808.0,144.0,129639.0,129239,143124.0,199414.0,True,1,965,181,285
67,36,4,0,0,34,6384,0.0,1807.0,144.0,129639.0,321554,0.0,199414.0,True,1,965,181,285
68,36,19,2,0,245,6384,0.0,1803.0,144.0,129639.0,254786,156196.0,199522.0,True,1,965,181,285
69,36,41,2,0,3290,6384,0.0,1803.0,144.0,129639.0,356952,156196.0,199522.0,True,1,965,126,285
70,36,4,0,0,34,6384,10300.0,1815.0,144.0,129639.0,320284,266906.0,199414.0,True,1,965,181,285
71,36,4,0,0,34,6384,10276.0,1808.0,144.0,129639.0,321554,266031.0,199452.0,True,1,965,126,285
72,45,6,0,0,3,8628,0.0,2442.0,145.0,0.0,233531,265618.0,0.0,True,1,965,126,285
73,36,4,0,0,34,6384,435.0,129163.0,144.0,129639.0,321553,151879.0,199452.0,True,1,965,181,285
74,36,4,1,0,34,6384,437.0,1808.0,144.0,129639.0,321300,280429.0,199414.0,True,1,965,126,285
75,36,4,0,0,34,6384,0.0,1803.0,144.0,129639.0,320283,146142.0,199452.0,True,1,965,181,285
76,36,4,0,0,34,6384,439.0,1815.0,144.0,129639.0,321554,280429.0,0.0,True,1,965,181,285
77,45,6,0,0,3,8628,0.0,2442.0,145.0,0.0,233531,265618.0,0.0,True,1,965,181,285
78,36,6,1,1,3,6384,439.0,1815.0,144.0,129639.0,332775,136127.0,199505.0,True,1,965,181,285
79,36,4,0,0,34,6384,438.0,1818.0,144.0,196030.0,320284,136127.0,199452.0,True,1,965,181,285
80,36,4,0,0,34,6384,435.0,129163.0,144.0,129639.0,321300,266737.0,199452.0,True,1,965,181,285
81,36,4,0,0,34,6384,439.0,1815.0,144.0,129639.0,321300,266906.0,199522.0,True,1,965,126,285
82,36,4,0,0,34,6384,435.0,129163.0,144.0,129639.0,322233,280429.0,199452.0,True,1,965,181,285
83,36,6,1,1,3,6384,439.0,1815.0,144.0,129639.0,332775,136127.0,199505.0,True,1,965,181,285
84,45,6,0,0,3,8628,0.0,2442.0,145.0,129639.0,233531,265618.0,199414.0,True,1,965,126,661
85,8,5,1,1,26,1589,437.0,1808.0,144.0,129639.0,339647,282855.0,199414.0,True,1,965,181,285
86,36,41,2,0,3290,6384,0.0,1803.0,144.0,129639.0,356952,156196.0,199522.0,True,1,965,126,285
87,36,4,0,0,34,6384,440.0,1802.0,144.0,129639.0,321300,273302.0,199452.0,True,1,965,181,285
88,36,4,0,0,34,6384,10254.0,1804.0,144.0,129639.0,322231,136127.0,199414.0,True,1,965,181,285
89,43,5,1,1,26,7485,437.0,1808.0,144.0,129639.0,339647,282855.0,199414.0,True,1,965,181,285
90,8,1,0,0,74,1589,439.0,1815.0,144.0,129433.0,206639,280429.0,359921.0,True,1,965,126,285
91,36,4,0,0,34,6384,10255.0,1804.0,144.0,129639.0,321410,136127.0,199522.0,True,1,965,181,285
92,36,4,0,0,34,6384,437.0,1808.0,144.0,129639.0,321300,0.0,199414.0,True,1,965,126,285
93,36,4,0,0,34,6384,436.0,1806.0,144.0,129639.0,321300,266737.0,199414.0,True,1,965,181,285
94,45,6,0,0,3,8628,0.0,2442.0,145.0,0.0,233531,265618.0,0.0,True,1,965,126,285
95,36,41,1,0,3290,6384,435.0,129163.0,144.0,129639.0,356952,151879.0,199414.0,True,1,965,181,661
96,43,9,0,0,1214,7485,437.0,1808.0,144.0,129408.0,264405,280429.0,359919.0,True,1,965,181,285
97,45,6,0,0,3,8628,0.0,2437.0,145.0,0.0,233531,150733.0,0.0,True,1,965,181,285
98,36,4,0,0,34,6384,438.0,1818.0,144.0,129639.0,321300,266906.0,199452.0,True,1,965,126,285
99,36,41,0,0,3290,6384,10278.0,1808.0,144.0,129639.0,356952,280429.0,199414.0,True,1,965,181,285
100,36,41,0,0,3290,6384,10254.0,1804.0,144.0,129639.0,356952,266913.0,199452.0,True,1,965,126,285
101,50,38,0,0,3130,10346,34714.0,1799.0,144.0,129639.0,348322,266906.0,199414.0,True,1,965,181,661
102,36,4,1,0,34,6384,437.0,1808.0,144.0,129639.0,321300,280429.0,199414.0,True,1,965,126,661
103,45,6,0,0,3,8628,0.0,2442.0,145.0,0.0,233531,265618.0,0.0,True,1,965,181,285
104,36,17,0,0,178,6384,10240.0,1802.0,144.0,129639.0,129239,132991.0,199452.0,True,1,965,181,285
105,36,4,0,0,34,6384,0.0,1808.0,144.0,129639.0,321410,177700.0,199414.0,True,1,965,181,285
106,36,4,0,0,34,6384,10240.0,1802.0,144.0,129639.0,321300,136127.0,199452.0,True,1,965,126,285
107,36,17,1,1,178,6384,10286.0,1810.0,144.0,129639.0,129239,280429.0,199452.0,True,1,965,126,661
108,36,17,1,1,178,6384,10286.0,1810.0,144.0,129639.0,129239,280429.0,199452.0,True,1,965,181,285
109,52,20,0,0,2627,10517,437.0,1808.0,144.0,129408.0,322157,266031.0,360956.0,True,1,965,181,285
110,45,6,0,0,3,8628,0.0,2437.0,145.0,0.0,233531,272343.0,0.0,True,1,965,181,285
111,45,6,0,0,3,8628,0.0,2437.0,145.0,0.0,233531,150733.0,0.0,True,1,965,181,285
112,36,4,0,0,34,6384,10310.0,1817.0,144.0,129639.0,321300,184911.0,199414.0,True,1,965,126,661
113,36,41,1,1,3290,6384,10269.0,1807.0,144.0,129639.0,356952,133765.0,199414.0,True,1,965,181,285
114,36,41,1,1,3290,6384,10269.0,1807.0,144.0,129639.0,356952,133765.0,199414.0,True,2,965,126,661
115,45,6,0,0,3,8628,0.0,2442.0,145.0,0.0,233531,265618.0,0.0,True,2,965,126,285
116,36,4,0,0,34,6384,438.0,1818.0,144.0,129639.0,320284,162352.0,199452.0,True,1,965,126,285
117,28,20,0,0,1057,6630,437.0,1808.0,144.0,0.0,315157,280429.0,360833.0,True,1,965,126,285
118,21,15,0,0,1219,607,435.0,129163.0,144.0,129408.0,264408,136127.0,206071.0,True,2,965,181,285
119,45,6,0,0,3,8628,0.0,2442.0,145.0,0.0,233531,265618.0,0.0,True,1,965,126,285
120,36,4,0,0,34,6384,10240.0,1802.0,144.0,129639.0,321553,147570.0,199414.0,True,1,965,181,661
121,36,6,1,1,3,6384,10240.0,1802.0,144.0,129639.0,350086,266913.0,199452.0,True,1,965,181,285
122,36,4,0,0,34,6384,0.0,2571.0,144.0,129639.0,321300,280429.0,199452.0,True,1,965,126,285
123,36,6,1,1,3,6384,10240.0,1802.0,144.0,129639.0,350086,266913.0,199452.0,True,1,965,126,285
124,36,17,0,0,178,6384,10286.0,1810.0,144.0,0.0,129239,280429.0,0.0,True,2,965,181,285
125,36,4,0,0,34,6384,436.0,1806.0,144.0,129639.0,321554,266913.0,199414.0,True,1,965,181,285
126,7,4,0,0,825,904,34755.0,1808.0,144.0,129408.0,320281,268021.0,359919.0,True,2,965,181,285
127,15,4,0,0,34,10553,435.0,129163.0,144.0,129639.0,321553,165658.0,360155.0,True,1,965,181,285
128,36,4,0,0,34,6384,435.0,129163.0,144.0,129639.0,321410,151879.0,199414.0,True,1,965,126,285
129,36,4,0,0,34,6384,10278.0,1808.0,144.0,129467.0,321554,266906.0,199414.0,True,1,965,181,285
130,36,4,0,0,34,6384,438.0,1818.0,144.0,129639.0,321554,280429.0,199414.0,True,1,965,126,661
131,36,6,0,0,3,6384,435.0,129163.0,144.0,129639.0,239188,266737.0,199452.0,False,1,965,181,285
132,36,41,0,0,3290,6384,0.0,1803.0,144.0,129639.0,356952,266913.0,199452.0,False,1,965,126,285
133,36,41,0,0,3290,6384,0.0,1803.0,144.0,129639.0,356952,133765.0,199452.0,False,1,965,181,285
134,45,5,0,0,26,8628,0.0,2428.0,145.0,129639.0,339648,186936.0,199452.0,False,1,965,181,285
135,15,0,0,0,3296,10553,10291.0,2578.0,144.0,129639.0,355768,266906.0,199414.0,False,1,965,181,661
136,42,17,0,0,178,7229,10278.0,1808.0,144.0,129639.0,129784,280429.0,199414.0,False,1,965,181,285
137,21,14,0,0,1217,607,10300.0,1815.0,144.0,0.0,264411,136127.0,0.0,False,1,965,126,285
138,30,0,0,0,3296,8784,10240.0,1802.0,144.0,0.0,355768,136127.0,360956.0,False,1,965,126,285
139,50,17,0,0,178,10346,10233.0,1799.0,144.0,129639.0,337642,266737.0,199452.0,False,1,965,126,661
140,36,6,2,0,3,6384,10240.0,1802.0,144.0,129639.0,239188,166358.0,199452.0,False,1,965,181,285
141,36,41,0,0,3290,6384,439.0,1815.0,144.0,129639.0,356952,266906.0,199522.0,False,1,965,181,285
142,36,12,0,0,19,6384,436.0,1806.0,144.0,129639.0,351350,134237.0,199414.0,False,2,965,126,285
143,54,17,0,0,178,10614,0.0,1803.0,144.0,129639.0,129239,170706.0,199414.0,False,1,965,181,285
144,19,0,0,0,3296,3370,439.0,1815.0,144.0,129408.0,355768,136127.0,360956.0,False,1,965,126,285
145,18,6,0,0,3,469,436.0,1806.0,144.0,129639.0,332775,266913.0,199452.0,False,1,965,126,285
146,8,17,0,0,283,1589,34755.0,1808.0,144.0,129433.0,236059,162894.0,360833.0,False,1,965,181,285
147,36,6,0,0,3,6384,10278.0,1808.0,144.0,129639.0,332775,280429.0,199414.0,False,1,965,181,285
148,36,17,0,0,178,6384,10240.0,1802.0,144.0,129639.0,337642,163485.0,199414.0,False,1,965,181,285
149,36,17,0,0,178,6384,0.0,1807.0,144.0,129639.0,129239,136127.0,199452.0,False,1,965,126,285
150,36,2,0,0,16,6384,10240.0,1802.0,144.0,129639.0,324102,281745.0,199452.0,False,1,965,126,285
151,36,41,0,0,3290,6384,439.0,1815.0,144.0,129639.0,356952,0.0,199452.0,False,1,965,181,285
152,36,25,0,0,568,6384,436.0,1806.0,144.0,129639.0,209126,151879.0,199452.0,False,1,965,181,285
153,36,1,0,0,4,6384,34755.0,1808.0,144.0,129639.0,130014,161223.0,199414.0,False,1,965,126,285
154,4,20,0,0,1057,722,10239.0,1801.0,144.0,129408.0,315157,280429.0,360956.0,False,1,965,181,285
155,20,14,0,0,205,4265,437.0,1808.0,144.0,129639.0,356312,133765.0,199452.0,False,1,965,126,661
156,4,35,0,0,2958,722,436.0,1806.0,144.0,129639.0,336427,266913.0,199452.0,False,1,965,126,285
157,36,17,0,0,178,6384,10295.0,1814.0,144.0,129639.0,129239,266737.0,199452.0,False,1,965,181,285
158,50,1,0,0,4,10346,435.0,129163.0,144.0,129639.0,208063,153317.0,199414.0,False,1,965,181,285
159,36,17,0,0,178,6384,10239.0,1801.0,144.0,129639.0,337645,136127.0,199452.0,False,1,965,181,285
160,19,0,0,0,3296,3370,437.0,1808.0,144.0,129408.0,355768,280429.0,359921.0,False,1,965,126,285
161,36,17,1,0,178,6384,208118.0,1804.0,144.0,129639.0,337645,273302.0,199452.0,False,1,965,181,285
162,36,18,0,0,379,6384,0.0,1811.0,144.0,129639.0,207067,136127.0,199414.0,False,1,965,181,285
163,36,41,0,0,3290,6384,435.0,129163.0,144.0,129639.0,356952,266737.0,0.0,False,1,965,181,285
164,36,18,0,0,2116,6384,10278.0,1808.0,144.0,129473.0,341816,280429.0,361320.0,False,1,965,126,285
165,36,17,0,0,178,6384,436.0,1806.0,144.0,0.0,129239,280429.0,0.0,False,1,965,126,285
166,36,6,0,0,3,6384,10313.0,1817.0,144.0,129639.0,239188,266906.0,199414.0,False,1,965,181,285
167,36,41,0,0,3290,6384,439.0,1815.0,144.0,129639.0,356952,136127.0,199414.0,False,1,965,126,285
168,36,29,0,0,2608,6384,438.0,1818.0,144.0,129639.0,322224,280429.0,199452.0,False,1,965,126,285
169,6,33,0,0,2923,4405,440.0,1802.0,144.0,129433.0,334764,136127.0,360833.0,False,1,965,181,285
170,4,15,0,0,1219,722,435.0,129163.0,144.0,129408.0,264409,280429.0,359919.0,False,1,965,126,285
171,21,12,0,0,1215,607,436.0,1806.0,144.0,129408.0,264415,136127.0,359921.0,False,1,965,181,285
172,36,6,0,0,3,6384,438.0,1818.0,144.0,129639.0,332783,133765.0,199414.0,False,1,965,126,661
173,36,1,1,0,4,6384,0.0,1803.0,144.0,129639.0,355900,266906.0,199414.0,False,2,965,126,661
174,36,41,0,0,3290,6384,0.0,1817.0,144.0,129639.0,356952,164681.0,199414.0,False,1,965,181,285
175,36,41,0,0,3290,6384,435.0,129163.0,144.0,129639.0,356952,266737.0,199414.0,False,1,965,181,285
176,15,0,0,0,3296,10553,10314.0,1817.0,144.0,129639.0,355768,266906.0,199414.0,False,2,965,126,285
177,9,17,0,0,179,405,10256.0,1804.0,144.0,129408.0,337641,280429.0,360833.0,False,1,965,181,285
178,46,2,0,0,49,9115,34699.0,1817.0,144.0,129408.0,323134,266906.0,359919.0,False,1,965,181,285
179,4,2,0,0,767,722,0.0,1810.0,144.0,129408.0,215442,280429.0,359919.0,False,1,965,181,285
180,36,6,0,0,3,6384,437.0,1808.0,144.0,129639.0,350086,136127.0,199452.0,False,1,965,181,285
181,36,41,0,0,3290,6384,440.0,1802.0,144.0,129639.0,356952,136127.0,199452.0,False,1,965,181,285
182,36,41,0,0,3290,6384,439.0,1815.0,144.0,129639.0,356952,266913.0,199452.0,False,1,965,126,285
183,36,6,0,0,3,6384,322890.0,1808.0,144.0,129639.0,239188,133765.0,199414.0,False,1,965,181,285
184,36,17,0,0,178,6384,10240.0,1802.0,144.0,129639.0,129237,147570.0,199452.0,False,1,965,181,285
185,36,41,0,0,3290,6384,0.0,1807.0,144.0,129639.0,355688,136528.0,199452.0,False,1,965,181,285
186,36,6,0,0,3,6384,0.0,1811.0,144.0,129639.0,239188,280429.0,199414.0,False,1,965,126,285
187,36,13,0,0,187,6384,10315.0,1817.0,144.0,129639.0,336962,285819.0,199414.0,False,1,965,181,285
188,4,2,0,0,16,722,34679.0,1817.0,144.0,129639.0,341354,273302.0,199414.0,False,1,965,181,285
189,36,1,0,0,4,6384,10278.0,1808.0,144.0,129639.0,355902,280429.0,199452.0,False,1,965,181,285
190,21,20,0,0,2627,607,10291.0,2578.0,144.0,129408.0,322157,136127.0,360956.0,False,1,965,181,285
191,4,6,0,0,3,722,436.0,1806.0,144.0,196034.0,332775,266906.0,199452.0,False,2,965,181,285
192,45,6,0,0,3,8628,0.0,1434.0,406.0,196034.0,332775,189415.0,199452.0,False,1,965,181,285
193,36,1,0,0,4,6384,0.0,1818.0,144.0,129639.0,129117,265493.0,199522.0,False,1,965,126,285
194,18,33,0,0,2923,469,436.0,1806.0,144.0,129433.0,334760,266737.0,359921.0,False,1,965,126,285
195,9,33,0,0,2923,405,10240.0,1802.0,144.0,129433.0,334758,151879.0,359921.0,False,1,965,126,285
196,8,6,0,0,667,1589,440.0,1802.0,144.0,129408.0,316898,136127.0,359919.0,False,1,965,181,18
197,18,29,0,0,2608,469,0.0,1504.0,149.0,129639.0,322224,280693.0,360145.0,False,1,965,181,285
198,36,17,0,0,178,6384,10314.0,1817.0,144.0,129639.0,129239,133765.0,199414.0,False,1,965,126,661
199,36,41,0,0,3290,6384,34725.0,1807.0,144.0,129639.0,356952,266906.0,199452.0,False,1,965,181,285
200,36,28,0,0,2602,6384,0.0,1807.0,144.0,129639.0,321523,266906.0,199414.0,False,1,965,126,285
201,8,2,0,0,767,1589,0.0,341146.0,433.0,129408.0,215442,146453.0,359919.0,False,1,965,181,285
202,50,28,0,0,2602,10346,34725.0,1807.0,144.0,129639.0,321523,266906.0,199452.0,False,1,965,181,285
203,18,33,0,0,2923,469,2942.0,2929.0,433.0,129433.0,334766,0.0,360833.0,False,1,965,181,285
204,36,17,0,0,178,6384,440.0,1802.0,144.0,129639.0,337642,183263.0,199522.0,False,1,965,181,285
205,4,1,0,0,4,722,10314.0,1817.0,144.0,129639.0,207168,280429.0,199414.0,False,1,965,126,285
206,6,6,0,0,39,4405,440.0,1802.0,144.0,129408.0,207114,136127.0,359919.0,False,1,965,126,285
207,36,6,0,0,3,6384,438.0,1818.0,144.0,129639.0,332783,277934.0,199452.0,False,1,965,126,285
208,19,0,0,0,3296,3370,10314.0,1817.0,144.0,0.0,355768,136127.0,360833.0,False,2,965,181,285
209,36,6,0,0,3,6384,437.0,1808.0,144.0,129639.0,341149,133765.0,199414.0,False,1,965,181,285
210,26,0,0,0,3296,7243,34679.0,1817.0,144.0,0.0,355768,280429.0,359921.0,False,1,965,181,285
211,36,2,0,0,16,6384,0.0,1817.0,144.0,129639.0,341352,180916.0,199452.0,False,1,965,181,285
212,50,41,0,0,3290,10346,34724.0,1807.0,144.0,129639.0,355688,266906.0,199414.0,False,1,965,181,18
213,36,17,0,0,178,6384,10295.0,1814.0,144.0,129639.0,130098,277934.0,199414.0,False,1,965,181,285
214,36,41,0,0,3290,6384,10284.0,2570.0,144.0,129639.0,356952,133765.0,199625.0,False,1,965,181,285
215,36,2,0,0,16,6384,439.0,1815.0,144.0,129639.0,207972,0.0,199452.0,False,1,965,126,661
216,50,23,1,0,494,10346,439.0,1815.0,144.0,129639.0,346465,266737.0,199522.0,False,1,965,126,661
217,36,17,0,0,178,6384,437.0,1808.0,144.0,129639.0,129239,180305.0,199452.0,False,1,965,126,661
218,36,6,0,0,3,6384,10238.0,2572.0,144.0,129639.0,332783,280429.0,199452.0,False,1,965,126,285
219,36,1,0,0,4,6384,0.0,1808.0,144.0,129639.0,208063,280429.0,199452.0,False,2,965,181,285
220,15,0,0,0,3296,10553,10314.0,1817.0,144.0,129639.0,355768,280429.0,199414.0,False,1,965,126,285
221,36,17,0,0,178,6384,0.0,1811.0,144.0,129639.0,337642,280429.0,199452.0,False,1,965,126,661
222,45,6,0,0,3,8628,0.0,2437.0,145.0,0.0,233531,150733.0,0.0,False,1,965,181,285
223,36,41,0,0,3290,6384,0.0,2518.0,144.0,129639.0,356952,133765.0,199414.0,False,1,965,181,285
224,45,6,0,0,3,8628,0.0,2437.0,145.0,0.0,233531,150733.0,0.0,False,1,965,181,285
225,8,20,0,0,1043,1589,435.0,129163.0,144.0,129433.0,328659,266737.0,359921.0,False,1,965,181,285
226,47,2,0,0,767,9836,0.0,1812.0,144.0,129408.0,215441,280429.0,360833.0,False,1,965,181,285
227,36,17,0,0,178,6384,436.0,1806.0,144.0,129639.0,130098,134237.0,199414.0,False,1,965,126,285
228,36,41,0,0,3290,6384,0.0,1800.0,144.0,129639.0,356952,280429.0,199452.0,False,1,965,126,285
229,36,41,0,0,3290,6384,34714.0,1799.0,144.0,129639.0,356952,165748.0,199452.0,False,1,965,181,285
230,45,6,0,0,3,8628,0.0,2401.0,145.0,129639.0,336477,266271.0,199452.0,False,1,965,181,661
231,53,20,0,0,1057,10549,438.0,1818.0,144.0,0.0,315157,280429.0,359921.0,False,1,965,181,285
232,36,6,0,0,3,6384,0.0,2518.0,144.0,129639.0,332783,277934.0,199452.0,False,2,965,126,285
233,36,1,0,0,4,6384,10278.0,1808.0,144.0,129639.0,353785,148498.0,199452.0,False,1,965,126,285
234,18,6,0,0,667,469,436.0,1806.0,144.0,129408.0,316898,266737.0,360833.0,False,1,965,126,285
235,36,41,0,0,3290,6384,436.0,1806.0,144.0,129639.0,356952,266257.0,199452.0,False,1,965,126,285
236,36,6,0,0,3,6384,0.0,2518.0,144.0,129639.0,239188,269937.0,199452.0,False,1,965,181,285
237,52,20,0,0,2627,10517,0.0,2571.0,144.0,129408.0,322157,280429.0,206071.0,False,1,965,181,285
238,36,41,0,0,3290,6384,0.0,1807.0,144.0,129639.0,356952,280429.0,199414.0,False,1,965,181,285
239,36,17,0,0,178,6384,10255.0,1804.0,144.0,129639.0,129239,266906.0,199414.0,False,1,965,126,285
240,21,28,0,0,2604,607,436.0,1806.0,144.0,129408.0,321533,266906.0,360833.0,False,1,965,126,285
241,36,1,0,0,4,6384,436.0,1806.0,144.0,129639.0,129117,136127.0,199452.0,False,1,965,126,285
242,24,41,1,1,3290,8681,10290.0,1812.0,144.0,129639.0,356952,147958.0,199452.0,False,1,965,181,285
243,36,41,1,1,3290,6384,10290.0,1812.0,144.0,129639.0,356952,147958.0,199452.0,False,1,965,181,285
244,36,17,0,0,178,6384,435.0,129163.0,144.0,129639.0,129784,273302.0,199452.0,False,1,965,181,285
245,14,21,0,0,535,4077,10240.0,1802.0,144.0,129408.0,336665,280429.0,359921.0,False,1,965,126,285
246,21,12,0,0,1215,607,436.0,1806.0,144.0,129408.0,264415,136127.0,360788.0,False,1,965,126,285
247,36,17,0,0,178,6384,10278.0,1808.0,144.0,129639.0,129784,133765.0,199452.0,False,1,965,181,285
248,36,1,0,0,4,6384,10240.0,1802.0,144.0,129639.0,208630,190212.0,199414.0,False,1,965,126,285
249,36,17,0,0,178,6384,0.0,1818.0,144.0,129639.0,129239,285749.0,199414.0,False,1,965,181,285
250,36,6,0,0,3,6384,0.0,1803.0,144.0,129639.0,239188,266913.0,199452.0,False,1,965,181,285
251,42,17,1,0,178,7229,435.0,129163.0,144.0,129639.0,129784,280429.0,199452.0,False,1,965,181,285
252,29,0,0,0,3296,4245,10240.0,1802.0,144.0,129408.0,355768,280429.0,360833.0,False,1,965,126,285
253,30,20,0,0,1043,8784,208118.0,1804.0,144.0,129433.0,321109,280429.0,360956.0,False,1,965,126,285
254,36,17,0,0,178,6384,0.0,1800.0,144.0,129639.0,337642,172542.0,199414.0,False,1,965,126,285
255,18,27,0,0,2558,469,0.0,0.0,144.0,129639.0,319007,285107.0,199452.0,False,1,965,126,285
256,18,40,0,0,3192,469,10240.0,1802.0,144.0,129408.0,351985,266737.0,359921.0,False,1,965,181,285
257,45,6,0,0,3,8628,4845.0,1504.0,149.0,129639.0,332783,135885.0,199414.0,False,1,965,126,661
258,21,22,0,0,2607,607,439.0,1815.0,144.0,129408.0,326573,187725.0,359919.0,False,1,965,181,285
259,36,41,0,0,3290,6384,10300.0,1815.0,144.0,129639.0,356952,136127.0,199452.0,False,1,965,126,285
260,45,6,0,0,3,8628,0.0,1504.0,149.0,196034.0,233531,135885.0,199452.0,False,1,965,181,285
261,34,0,0,0,3296,10319,437.0,1808.0,144.0,0.0,355768,280429.0,359921.0,False,1,965,181,285
262,36,38,0,0,3130,6384,10231.0,1799.0,144.0,129467.0,348323,133765.0,199414.0,False,2,965,181,285
263,18,15,0,0,1219,469,34714.0,1799.0,144.0,129408.0,323642,280429.0,360833.0,False,1,965,181,285
264,36,6,0,0,3,6384,10250.0,1803.0,144.0,129639.0,239188,133765.0,199414.0,False,1,965,181,285
265,36,6,0,0,3,6384,10255.0,1804.0,144.0,129639.0,332783,136127.0,199452.0,False,1,965,126,661
266,36,17,0,0,178,6384,440.0,1802.0,144.0,129639.0,129237,266913.0,199625.0,False,1,965,126,285
267,50,38,0,0,3130,10346,0.0,1815.0,144.0,129639.0,348323,266906.0,199522.0,False,1,965,126,661
268,36,17,0,0,178,6384,435.0,129163.0,144.0,129639.0,129237,266906.0,199414.0,False,1,965,181,285
269,36,1,0,0,4,6384,322888.0,1808.0,144.0,129639.0,208630,0.0,199414.0,False,1,965,181,285
270,36,24,0,0,549,6384,0.0,0.0,144.0,129639.0,209035,265493.0,199452.0,False,1,965,181,285
271,18,2,0,0,767,469,10240.0,1802.0,144.0,129408.0,326424,280429.0,360788.0,False,2,965,126,285
272,8,33,0,0,2923,1589,439.0,1815.0,144.0,129433.0,349010,266737.0,359921.0,False,1,965,126,285
273,6,20,0,0,2627,4405,10240.0,1802.0,144.0,129408.0,322157,280429.0,0.0,False,1,965,126,285
274,36,28,0,0,2602,6384,322893.0,1807.0,144.0,129639.0,321523,266906.0,199452.0,False,1,965,181,285
275,46,2,0,0,767,9115,34688.0,1814.0,144.0,129408.0,215442,136127.0,360833.0,False,1,965,181,285
276,45,6,0,0,3,8628,0.0,2442.0,145.0,0.0,336477,265618.0,0.0,False,1,965,126,285
277,45,6,0,0,3,8628,0.0,2442.0,145.0,0.0,233531,265618.0,0.0,False,1,965,126,285
278,36,6,0,0,3,6384,0.0,1809.0,144.0,129639.0,233531,280429.0,199452.0,False,1,965,126,661
279,36,6,0,0,3,6384,435.0,129163.0,144.0,129639.0,332783,136127.0,199414.0,False,2,965,181,285
280,15,17,0,0,179,10553,0.0,1804.0,144.0,129408.0,337641,280429.0,206070.0,False,1,965,126,285
281,19,0,0,0,3296,3370,10292.0,1812.0,144.0,129408.0,355768,280429.0,360833.0,False,1,965,181,285
282,36,17,0,0,178,6384,10243.0,1803.0,144.0,129639.0,129239,151402.0,199414.0,False,1,965,126,661
283,18,6,0,0,667,469,0.0,1811.0,144.0,129408.0,308707,280429.0,360833.0,False,2,965,181,285
284,36,41,0,0,3290,6384,10278.0,1808.0,144.0,129639.0,357097,280429.0,199414.0,False,1,965,126,285
285,45,17,0,0,178,8628,0.0,1504.0,149.0,129639.0,130098,265611.0,199452.0,False,1,965,126,285
286,8,17,0,0,179,1589,435.0,129163.0,144.0,129408.0,129235,280429.0,360833.0,False,1,965,181,285
287,36,17,0,0,178,6384,10314.0,1817.0,144.0,129639.0,337645,280429.0,199452.0,False,1,965,126,285
288,18,6,0,0,667,469,0.0,1818.0,144.0,129408.0,357826,136127.0,360788.0,False,1,965,126,661
289,36,17,0,0,178,6384,10256.0,1804.0,144.0,129639.0,129239,280429.0,199414.0,False,1,965,181,285
290,36,6,0,0,3,6384,437.0,1808.0,144.0,129639.0,332783,180933.0,199452.0,False,1,965,126,285
291,36,6,0,0,3,6384,34755.0,1808.0,144.0,129639.0,239188,133765.0,199452.0,False,1,965,181,285
292,36,17,0,0,178,6384,0.0,1810.0,144.0,129639.0,129239,266906.0,199414.0,False,1,965,181,285
293,36,6,0,0,3,6384,439.0,1815.0,144.0,129639.0,341148,164681.0,199452.0,False,1,965,126,661
294,36,17,0,0,178,6384,10295.0,1814.0,144.0,129639.0,129237,280043.0,199452.0,False,1,965,181,285
295,50,17,0,0,178,10346,439.0,1815.0,144.0,129639.0,337642,266906.0,199414.0,False,1,965,126,285
296,41,33,0,0,2923,9968,437.0,1808.0,144.0,129433.0,334762,165128.0,360833.0,False,2,965,181,285
297,36,41,0,0,3290,6384,435.0,129163.0,144.0,129639.0,356952,136127.0,199414.0,False,1,965,126,285
298,52,20,0,0,2627,10517,439.0,1815.0,144.0,129408.0,322157,280429.0,359919.0,False,1,965,126,285
299,36,28,0,0,2602,6384,0.0,1807.0,144.0,129639.0,325770,280429.0,199414.0,False,1,965,181,285
300,36,17,0,0,178,6384,0.0,0.0,144.0,129639.0,129241,136127.0,199452.0,False,1,965,181,285
301,0,17,0,0,283,10223,435.0,129163.0,144.0,129433.0,236059,136127.0,360788.0,False,1,965,126,285
302,36,41,0,0,3290,6384,34724.0,1807.0,144.0,129639.0,356952,133765.0,360143.0,False,1,965,181,285
303,1,2,0,0,767,280,10240.0,1802.0,144.0,129408.0,215442,136127.0,360833.0,False,1,965,181,285
304,15,0,0,0,3296,10553,10314.0,1817.0,144.0,129639.0,355768,266906.0,199414.0,False,1,965,181,18
305,36,1,0,0,4,6384,440.0,1802.0,144.0,129639.0,353785,266913.0,199452.0,False,1,965,181,285
306,36,6,0,0,3,6384,437.0,1808.0,144.0,129639.0,239188,282855.0,199452.0,False,1,965,126,285
307,36,6,0,0,3,6384,438.0,1818.0,144.0,129639.0,332783,280429.0,199452.0,False,2,965,249,661
308,31,6,0,0,39,8973,437.0,1808.0,144.0,129408.0,332777,136127.0,360956.0,False,2,965,48,661
309,15,17,0,0,283,10553,439.0,1815.0,144.0,129433.0,236059,136127.0,360833.0,False,1,965,249,661
310,36,6,0,0,3,6384,440.0,1802.0,144.0,129639.0,350086,274729.0,199452.0,False,2,965,249,661
311,36,17,1,0,178,6384,0.0,2580.0,144.0,129467.0,129239,281560.0,199625.0,False,1,965,100,661
312,45,6,0,0,3,8628,0.0,2442.0,145.0,0.0,336477,265618.0,0.0,False,3,965,100,661
313,46,2,0,0,767,9115,10314.0,1817.0,144.0,129408.0,215442,187725.0,359921.0,False,1,965,39,661
314,36,18,0,0,379,6384,0.0,1799.0,144.0,129639.0,207070,136127.0,199452.0,False,1,965,249,661
315,36,6,0,0,3,6384,437.0,1808.0,144.0,129639.0,239188,136127.0,199414.0,False,1,965,249,661
316,36,17,0,0,178,6384,0.0,1806.0,144.0,129639.0,129239,180303.0,199452.0,False,2,965,249,661
317,36,17,0,0,178,6384,10314.0,1817.0,144.0,129639.0,129784,280429.0,199452.0,False,1,965,36,661
318,39,6,0,0,3,7803,0.0,0.0,434.0,129408.0,332775,267285.0,206070.0,False,1,965,249,661
319,15,17,0,0,179,10553,10314.0,1817.0,144.0,129408.0,337641,280429.0,359921.0,False,1,965,48,661
320,19,0,0,0,3296,3370,0.0,1815.0,144.0,129408.0,355768,187725.0,206071.0,False,1,965,249,661
321,16,2,0,0,767,6031,10295.0,1814.0,144.0,129408.0,326424,280429.0,359921.0,False,1,965,249,661
322,36,5,0,0,26,6384,436.0,1806.0,144.0,129639.0,339647,134237.0,360140.0,False,1,965,249,661
323,53,1,0,0,74,10549,438.0,1818.0,144.0,129433.0,332026,280429.0,359921.0,False,1,965,62,661
324,18,6,0,0,667,469,436.0,1806.0,144.0,129408.0,357826,187725.0,360833.0,False,2,965,249,661
325,15,17,0,0,179,10553,0.0,1809.0,144.0,129408.0,337640,136127.0,359919.0,False,1,965,249,661
326,18,29,0,0,2608,469,0.0,2431.0,145.0,129639.0,322223,186936.0,199452.0,False,1,965,249,661
327,36,17,0,0,178,6384,0.0,1815.0,144.0,129639.0,129239,266906.0,199414.0,False,2,965,39,661
328,45,6,0,0,3,8628,0.0,2437.0,145.0,0.0,336477,272343.0,0.0,False,1,965,48,661
329,36,17,0,0,178,6384,34705.0,1811.0,144.0,129639.0,130098,266906.0,199522.0,False,1,965,249,661
330,49,33,0,0,2923,10063,34755.0,1808.0,144.0,129433.0,334762,280429.0,360833.0,False,1,965,39,661
331,36,1,0,0,4,6384,0.0,0.0,144.0,129639.0,353785,280429.0,199452.0,False,2,965,33,661
332,15,33,0,0,2923,10553,0.0,1803.0,144.0,129433.0,334760,273302.0,360833.0,False,1,965,249,661
333,36,1,0,0,4,6384,10300.0,1815.0,144.0,129639.0,353785,280429.0,199414.0,False,1,965,48,661
334,36,41,0,0,3290,6384,0.0,1810.0,144.0,129639.0,356952,133765.0,199414.0,False,1,965,249,661
335,4,2,0,0,767,722,0.0,2571.0,144.0,129408.0,215441,280429.0,360833.0,False,1,965,39,661
336,19,0,0,0,3296,3370,10243.0,1803.0,144.0,129408.0,355768,280429.0,360956.0,False,2,965,249,661
337,36,17,0,0,178,6384,0.0,1810.0,144.0,129639.0,129239,148496.0,199414.0,False,1,965,249,661
338,36,1,0,0,4,6384,439.0,1815.0,144.0,129639.0,353785,280429.0,199452.0,False,1,965,63,661
339,36,17,0,0,178,6384,0.0,2571.0,144.0,129639.0,129784,266906.0,199452.0,False,1,965,249,661
340,36,17,0,0,178,6384,0.0,1803.0,144.0,129639.0,129239,187725.0,199452.0,False,1,965,249,661
341,34,0,0,0,3296,10319,34755.0,1808.0,144.0,129408.0,355768,154900.0,360833.0,False,1,965,249,661
342,36,41,0,0,3290,6384,435.0,129163.0,144.0,129639.0,356952,280429.0,199452.0,False,2,965,249,661
343,36,17,0,0,178,6384,0.0,2571.0,144.0,129639.0,129239,266906.0,199452.0,False,1,965,249,661
344,36,17,0,0,178,6384,436.0,1806.0,144.0,129639.0,129241,145456.0,199452.0,False,1,965,62,661
345,36,41,0,0,3290,6384,437.0,1808.0,144.0,129639.0,356952,273302.0,199414.0,False,1,965,249,661
346,16,2,0,0,49,6031,10295.0,1814.0,144.0,129408.0,129186,187725.0,360833.0,False,1,965,100,661
347,31,6,0,0,667,8973,437.0,1808.0,144.0,129408.0,317403,280429.0,359921.0,False,1,965,62,661
348,36,17,0,0,178,6384,437.0,1808.0,144.0,129639.0,129239,0.0,199452.0,False,1,965,100,661
349,9,34,0,0,2925,405,10314.0,1817.0,144.0,129433.0,334785,280429.0,359921.0,False,1,965,33,661
350,26,0,0,0,3296,7243,10278.0,1808.0,144.0,129408.0,355768,280429.0,359921.0,False,1,965,100,661
351,36,1,1,0,4,6384,0.0,1803.0,144.0,129639.0,208630,266906.0,199414.0,False,1,965,249,661
352,18,33,1,0,2923,469,437.0,1808.0,144.0,129433.0,334759,266913.0,359919.0,False,1,965,100,661
353,46,2,0,0,767,9115,10263.0,1806.0,144.0,129408.0,215442,136127.0,360831.0,False,1,965,100,661
354,26,0,0,0,3296,7243,10278.0,1808.0,144.0,129408.0,355768,133765.0,360833.0,False,1,965,39,661
355,15,6,0,0,3,10553,435.0,129163.0,144.0,129639.0,355913,280429.0,199452.0,False,1,965,249,661
356,36,17,0,0,178,6384,34728.0,1815.0,144.0,129639.0,337645,136127.0,360147.0,False,1,965,62,661
357,50,6,0,0,3,10346,0.0,1807.0,144.0,129639.0,332783,0.0,360138.0,False,1,965,36,661
358,36,41,0,0,3290,6384,10295.0,1814.0,144.0,129639.0,356952,136127.0,199522.0,False,1,965,249,661
359,15,17,0,0,179,10553,440.0,1802.0,144.0,129408.0,210792,136127.0,359921.0,False,1,965,28,661
360,18,40,0,0,3192,469,437.0,1808.0,144.0,129408.0,351985,151879.0,360833.0,False,1,965,62,661
361,36,41,0,0,3290,6384,34720.0,1807.0,144.0,129639.0,357097,267504.0,199452.0,False,1,965,63,661
362,36,17,0,0,178,6384,436.0,1806.0,144.0,129639.0,129784,266906.0,199414.0,False,1,965,36,661
363,36,41,0,0,3290,6384,10267.0,1807.0,144.0,129639.0,356952,266906.0,199414.0,False,1,965,249,661
364,15,17,0,0,179,10553,0.0,1811.0,144.0,129408.0,210793,280429.0,360833.0,False,1,965,249,661
365,36,41,0,0,3290,6384,0.0,1807.0,144.0,129639.0,356952,267504.0,199414.0,False,2,965,249,661
366,19,0,0,0,3296,3370,10314.0,1817.0,144.0,129408.0,355768,280429.0,360833.0,False,1,965,28,661
367,8,27,0,0,2558,1589,0.0,2432.0,145.0,129639.0,319007,149453.0,0.0,False,1,965,249,661
368,15,33,0,0,2923,10553,437.0,1808.0,144.0,129433.0,334758,136127.0,359921.0,False,1,965,249,661
369,43,6,0,0,667,7485,34755.0,1808.0,144.0,129408.0,317403,162894.0,206064.0,False,1,965,249,661
370,36,17,0,0,178,6384,439.0,1815.0,144.0,129639.0,129784,133765.0,199452.0,False,2,965,63,661
371,34,0,0,0,3296,10319,437.0,1808.0,144.0,129408.0,355768,280429.0,359921.0,False,1,965,39,661
372,36,6,0,0,3,6384,0.0,1811.0,144.0,129639.0,350086,178145.0,199414.0,False,1,965,63,661
373,36,17,0,0,178,6384,10243.0,1803.0,144.0,129639.0,337645,151402.0,199522.0,False,2,965,48,661
374,8,33,0,0,2923,1589,0.0,2431.0,145.0,129433.0,334758,282895.0,359919.0,False,2,965,249,661
375,21,41,0,0,3291,607,438.0,1818.0,144.0,129408.0,355689,187725.0,360751.0,False,1,965,62,661
376,36,41,0,0,3290,6384,0.0,1815.0,144.0,129639.0,356952,266906.0,199505.0,False,1,965,36,661
377,9,17,0,0,179,405,0.0,1811.0,144.0,129408.0,337639,280429.0,359921.0,False,1,965,249,661
378,36,6,0,0,3,6384,0.0,1811.0,144.0,129639.0,332775,178143.0,199414.0,False,1,965,33,661
379,36,17,0,0,178,6384,34714.0,1799.0,144.0,129639.0,337642,284796.0,199452.0,False,1,965,33,661
380,36,28,0,0,2602,6384,10269.0,1807.0,144.0,129639.0,325770,266906.0,199452.0,False,1,965,62,661
381,36,41,0,0,3290,6384,10291.0,2578.0,144.0,129639.0,356952,172725.0,199452.0,False,1,965,36,661
382,36,6,0,0,3,6384,10250.0,1803.0,144.0,129639.0,239188,0.0,199452.0,False,1,965,249,661
383,50,6,0,0,3,10346,10234.0,129163.0,144.0,129639.0,350086,266737.0,199452.0,False,1,965,63,285
384,36,17,1,0,178,6384,435.0,129163.0,144.0,129639.0,129239,280429.0,199452.0,False,2,965,33,661
385,18,17,0,0,179,469,10286.0,1810.0,144.0,0.0,210792,280429.0,360833.0,False,2,965,33,661
386,36,6,0,0,3,6384,440.0,1802.0,144.0,129639.0,350086,136127.0,199452.0,False,1,965,62,661
387,18,33,0,0,2923,469,435.0,129163.0,144.0,129433.0,334760,266737.0,360833.0,False,1,965,33,661
388,9,31,0,0,2714,405,437.0,1808.0,144.0,196034.0,326536,155404.0,199452.0,False,1,965,100,661
389,36,35,0,0,2958,6384,0.0,0.0,144.0,129639.0,336428,0.0,199414.0,False,1,965,100,661
390,36,41,0,0,3290,6384,10314.0,1817.0,144.0,0.0,356952,266913.0,360234.0,False,1,965,28,661
391,15,17,0,0,179,10553,0.0,1803.0,144.0,129408.0,337641,187725.0,360833.0,False,1,965,62,661
392,36,41,0,0,3290,6384,435.0,129163.0,144.0,129639.0,356952,266737.0,199452.0,False,1,965,249,661
393,18,8,0,0,1028,469,440.0,1802.0,144.0,129408.0,351842,140092.0,360833.0,False,1,965,62,661
394,28,20,0,0,1057,6630,437.0,1808.0,144.0,0.0,315157,280429.0,360833.0,False,1,965,62,661
395,36,1,0,0,4,6384,0.0,1804.0,144.0,129639.0,129117,280429.0,199452.0,False,1,965,249,661
396,45,6,0,0,3,8628,0.0,2437.0,145.0,0.0,233531,150733.0,0.0,False,1,965,63,661
397,21,2,0,0,767,607,437.0,1808.0,144.0,129408.0,327032,280429.0,359921.0,False,1,965,63,285
398,38,20,0,0,2627,9767,10233.0,1799.0,144.0,129408.0,322157,0.0,359921.0,False,1,965,48,661
399,36,17,0,0,178,6384,208114.0,1814.0,144.0,129639.0,129239,281987.0,199452.0,False,1,965,63,661
400,36,17,0,0,178,6384,435.0,129163.0,144.0,129639.0,337645,266737.0,199414.0,False,1,965,249,661
401,4,22,0,0,2607,722,10239.0,1801.0,144.0,129408.0,326573,136127.0,360833.0,False,1,965,249,661
402,50,17,0,0,178,10346,0.0,1815.0,144.0,129639.0,129239,266913.0,199522.0,False,2,965,100,661
403,36,28,0,0,2602,6384,0.0,1807.0,144.0,129639.0,321523,180916.0,199452.0,False,1,965,39,661
404,36,6,0,0,3,6384,34719.0,1815.0,144.0,129639.0,332783,280429.0,199452.0,False,1,965,39,661
405,36,17,0,0,178,6384,0.0,1799.0,144.0,129639.0,337643,0.0,199414.0,False,1,965,249,661
406,19,0,0,0,3296,3370,0.0,1810.0,144.0,129408.0,355768,280429.0,360956.0,False,1,965,249,661
407,36,41,0,0,3290,6384,0.0,1815.0,144.0,129639.0,356952,266906.0,199414.0,False,1,965,249,661
408,36,41,0,0,3290,6384,439.0,1815.0,144.0,129639.0,356952,280429.0,199414.0,False,1,965,249,661
409,36,6,0,0,3,6384,10316.0,1817.0,144.0,196034.0,332783,149468.0,199452.0,False,1,965,249,661
410,36,17,0,0,178,6384,10240.0,1802.0,144.0,129639.0,129784,136127.0,199452.0,False,1,965,249,661
411,36,29,0,0,2608,6384,0.0,1810.0,144.0,129639.0,322217,136127.0,199414.0,False,1,965,63,661
412,36,15,0,0,204,6384,435.0,129163.0,144.0,129639.0,337845,136127.0,199414.0,False,2,965,249,661
413,49,0,0,0,3296,10063,437.0,1808.0,144.0,0.0,355768,280429.0,360833.0,False,1,965,36,661
414,49,0,0,0,3296,10063,437.0,1808.0,144.0,0.0,355768,280429.0,360833.0,False,2,965,36,661
415,36,5,0,0,26,6384,34728.0,1815.0,144.0,129639.0,339647,266906.0,199414.0,False,1,965,63,661
416,36,6,0,0,3,6384,439.0,1815.0,144.0,129639.0,239188,136127.0,199452.0,False,1,965,249,661
417,49,0,0,0,3296,10063,10295.0,1814.0,144.0,196030.0,355768,280429.0,361447.0,False,3,965,62,661
418,36,1,0,0,4,6384,0.0,1817.0,144.0,129639.0,355672,266906.0,199414.0,False,1,965,39,661
419,36,41,0,0,3290,6384,0.0,1806.0,144.0,129639.0,356952,133765.0,199414.0,False,2,965,249,18
420,36,17,0,0,178,6384,10314.0,1817.0,144.0,129639.0,129239,280429.0,199414.0,False,1,965,249,661
421,36,1,0,0,4,6384,0.0,1808.0,144.0,129639.0,129899,0.0,199414.0,False,1,965,62,661
422,4,9,0,0,85,722,10278.0,1808.0,144.0,129433.0,195755,136127.0,359921.0,False,1,965,249,661
423,36,41,0,0,3290,6384,10314.0,1817.0,144.0,129639.0,356952,280429.0,199452.0,False,2,965,249,661
424,36,14,0,0,205,6384,10300.0,1815.0,144.0,129639.0,351351,264684.0,199452.0,False,1,965,249,661
425,18,6,0,0,39,469,438.0,1818.0,144.0,129408.0,355670,281745.0,360833.0,False,1,965,100,661
426,47,12,0,0,1215,9836,436.0,1806.0,144.0,129408.0,264415,266906.0,360833.0,False,1,965,39,661
427,36,1,0,0,4,6384,10240.0,1802.0,144.0,129639.0,353785,147570.0,199452.0,False,1,965,62,18
428,47,6,0,0,39,9836,0.0,0.0,144.0,129639.0,215714,265203.0,199522.0,False,1,965,63,661
429,36,6,0,0,621,6384,439.0,1815.0,144.0,129639.0,210786,280429.0,0.0,False,1,965,249,661
430,36,1,0,0,4,6384,437.0,1808.0,144.0,129639.0,208630,151879.0,199452.0,False,1,965,63,661
431,25,6,0,0,39,1240,436.0,1806.0,144.0,129408.0,259397,136127.0,360833.0,False,1,965,39,661
432,45,6,0,0,3,8628,0.0,2437.0,145.0,0.0,336477,150733.0,0.0,False,1,965,249,661
433,4,35,1,0,2958,722,435.0,129163.0,144.0,129639.0,336428,280429.0,199522.0,False,2,965,62,661
434,36,41,0,0,3290,6384,439.0,1815.0,144.0,129639.0,356952,280429.0,199452.0,False,3,965,39,661
435,36,41,0,0,3290,6384,10295.0,1814.0,144.0,129639.0,356952,280429.0,199452.0,False,3,965,39,661
436,26,0,0,0,3296,7243,0.0,1801.0,144.0,129408.0,355768,136127.0,360956.0,False,1,965,249,661
437,18,7,0,0,66,469,10309.0,2577.0,144.0,129639.0,264438,280429.0,199522.0,False,1,965,48,661
438,36,6,0,0,3,6384,10278.0,1808.0,144.0,129639.0,239188,280043.0,199452.0,False,1,965,62,661
439,36,17,0,0,178,6384,0.0,1811.0,144.0,129639.0,129239,280429.0,199452.0,False,1,965,28,661
440,42,6,2,0,3,7229,438.0,1818.0,144.0,129639.0,355914,133765.0,199522.0,False,1,965,33,661
441,44,12,0,0,1215,9583,436.0,1806.0,144.0,129408.0,326428,136127.0,0.0,False,1,965,249,661
442,9,22,0,0,2174,405,0.0,1810.0,144.0,129408.0,317616,280429.0,359919.0,False,1,965,249,661
443,38,0,0,0,3296,9767,0.0,0.0,144.0,129408.0,355768,133765.0,360833.0,False,2,965,28,661
444,19,0,0,0,3296,3370,439.0,1815.0,144.0,129408.0,355768,280429.0,360956.0,False,2,965,28,661
445,42,17,1,0,178,7229,10233.0,1799.0,144.0,129639.0,129784,0.0,199414.0,False,1,965,48,661
446,36,28,0,0,2602,6384,10269.0,1807.0,144.0,129639.0,321523,266906.0,199452.0,False,1,965,63,661
447,36,17,0,0,178,6384,10278.0,1808.0,144.0,129639.0,337642,273302.0,199414.0,False,1,965,249,661
448,36,6,0,0,3,6384,437.0,1808.0,144.0,129639.0,332783,180916.0,199522.0,False,2,965,249,661
449,4,16,0,0,2901,722,10233.0,1799.0,144.0,129408.0,332771,273302.0,359921.0,False,1,965,249,661
450,32,0,0,0,3296,4551,10295.0,1814.0,144.0,129639.0,355768,280429.0,0.0,False,1,965,100,661
451,36,17,0,0,178,6384,10240.0,1802.0,144.0,129639.0,337642,266913.0,199505.0,False,1,965,100,661
452,36,17,0,0,178,6384,34708.0,2570.0,144.0,129639.0,129239,281885.0,199414.0,False,1,965,249,661
453,36,28,0,0,2602,6384,34720.0,1807.0,144.0,129639.0,321523,266906.0,199414.0,False,1,965,28,661
454,26,0,0,0,3296,7243,440.0,1802.0,144.0,129639.0,355768,136127.0,199452.0,False,1,965,33,661
455,42,19,0,0,245,7229,10250.0,1803.0,144.0,129639.0,254786,190004.0,199414.0,False,1,965,39,661
456,53,0,0,0,3296,10549,10240.0,1802.0,144.0,129639.0,355768,280429.0,199452.0,False,1,965,63,661
457,36,6,0,0,3,6384,0.0,1810.0,144.0,129639.0,341149,157825.0,199452.0,False,1,965,48,661
458,36,41,1,0,3290,6384,10310.0,1817.0,144.0,129639.0,356952,278926.0,199452.0,False,1,965,249,661
459,36,17,0,0,178,6384,436.0,1806.0,144.0,129639.0,129237,165550.0,199452.0,False,1,965,249,661
460,36,17,1,0,178,6384,0.0,1811.0,144.0,129639.0,129239,280429.0,199414.0,False,1,965,249,661
461,36,35,0,0,2958,6384,0.0,0.0,144.0,129639.0,336428,150230.0,199414.0,False,1,965,249,661
462,30,0,0,0,3296,8784,10314.0,1817.0,144.0,129639.0,355768,280429.0,199414.0,False,3,965,100,661
463,19,0,0,0,3296,3370,10239.0,1801.0,144.0,129408.0,355768,136127.0,360833.0,False,2,965,249,661
464,36,6,0,0,3,6384,0.0,1803.0,144.0,129639.0,239188,266906.0,199414.0,False,2,965,39,661
465,36,17,0,0,178,6384,437.0,1808.0,144.0,129639.0,337642,266031.0,199414.0,False,2,965,249,661
466,36,17,0,0,178,6384,0.0,0.0,144.0,129639.0,337642,152418.0,199452.0,False,1,965,100,661
467,36,15,0,0,204,6384,10233.0,1799.0,144.0,129639.0,323101,187798.0,199414.0,False,2,965,249,661
468,26,0,0,0,3296,7243,437.0,1808.0,144.0,129639.0,355768,136127.0,199452.0,False,2,965,28,661
469,45,6,0,0,3,8628,4829.0,1504.0,149.0,129639.0,332775,280693.0,361320.0,False,1,965,249,661
470,36,2,0,0,16,6384,10240.0,1802.0,144.0,129639.0,341360,277934.0,199452.0,False,1,965,36,661
471,50,14,0,0,205,10346,0.0,1815.0,144.0,129639.0,336796,266906.0,199452.0,False,1,965,62,661
472,36,6,0,0,3,6384,10240.0,1802.0,144.0,129639.0,239188,136127.0,0.0,False,1,965,249,661
473,36,6,0,0,3,6384,10240.0,1802.0,144.0,129639.0,332775,136127.0,199414.0,False,1,965,249,661
474,36,6,0,0,3,6384,438.0,1818.0,144.0,129639.0,350086,136127.0,199452.0,False,2,965,249,661
475,19,0,1,0,3296,3370,10278.0,1808.0,144.0,129408.0,355768,187725.0,360833.0,False,2,965,249,661
476,36,41,0,0,3290,6384,0.0,1807.0,144.0,129639.0,356952,266906.0,199452.0,False,1,965,36,661
477,36,17,0,0,178,6384,439.0,1815.0,144.0,129639.0,337642,266913.0,199452.0,False,2,965,48,661
478,18,15,0,0,1219,469,2942.0,2929.0,433.0,129408.0,328058,0.0,360833.0,False,2,965,62,661
479,36,17,0,0,178,6384,10291.0,2578.0,144.0,129639.0,337645,136127.0,0.0,False,1,965,249,661
480,36,17,1,0,178,6384,10233.0,1799.0,144.0,129639.0,337645,0.0,199414.0,False,1,965,100,661
481,21,15,0,0,1219,607,435.0,129163.0,144.0,129408.0,264408,136127.0,359921.0,False,1,965,48,661
482,36,41,0,0,3290,6384,439.0,1815.0,144.0,129639.0,356952,280429.0,199414.0,False,1,965,63,285
483,30,0,0,0,3296,8784,10314.0,1817.0,144.0,129639.0,355768,280429.0,199414.0,False,1,965,100,661
484,36,6,0,0,3,6384,10276.0,1808.0,144.0,129639.0,239188,189497.0,199452.0,False,1,965,249,661
485,36,41,0,0,3290,6384,10286.0,1810.0,144.0,129639.0,356952,266906.0,199452.0,False,1,965,33,661
486,36,30,0,0,2643,6384,10286.0,1810.0,144.0,129639.0,326269,151879.0,199452.0,False,1,965,249,661
487,36,6,0,0,3,6384,436.0,1806.0,144.0,129771.0,332783,266737.0,199522.0,False,1,965,62,661
488,8,33,0,0,2923,1589,2942.0,2929.0,433.0,129433.0,349010,146453.0,360765.0,False,1,965,39,661
489,36,17,0,0,178,6384,440.0,1802.0,144.0,129639.0,129239,136127.0,199452.0,False,1,965,33,661
490,50,41,0,0,3290,10346,0.0,1807.0,144.0,129639.0,357097,280429.0,199452.0,False,1,965,36,661
491,36,17,0,0,178,6384,10255.0,1804.0,144.0,129771.0,129239,136127.0,199452.0,False,2,965,33,661
492,38,0,0,0,3296,9767,10255.0,1804.0,144.0,129408.0,355768,187725.0,359921.0,False,1,965,249,661
493,36,28,0,0,2602,6384,10269.0,1807.0,144.0,129639.0,321523,267504.0,199414.0,False,1,965,249,661
494,36,17,0,0,178,6384,438.0,1818.0,144.0,129639.0,337643,266906.0,199452.0,False,1,965,62,661
495,36,17,0,0,178,6384,0.0,1810.0,144.0,129639.0,129237,134335.0,199414.0,False,1,965,100,661
496,50,1,0,0,4,10346,435.0,129163.0,144.0,129639.0,355672,266737.0,199414.0,False,1,965,249,661
497,8,17,0,0,179,1589,438.0,1818.0,144.0,129408.0,210793,280429.0,360833.0,False,1,965,62,661
498,36,17,0,0,178,6384,10291.0,2578.0,144.0,129467.0,129239,136127.0,199625.0,False,2,965,249,661
499,35,37,0,0,3129,7303,437.0,1808.0,144.0,129408.0,348273,187725.0,359919.0,False,1,965,100,661
500,36,6,0,0,3,6384,34755.0,1808.0,144.0,129639.0,332783,280429.0,199414.0,False,1,965,36,661
501,36,6,0,0,3,6384,438.0,1818.0,144.0,129639.0,239188,150210.0,199452.0,False,1,965,249,661
502,1,2,0,0,767,280,10240.0,1802.0,144.0,129408.0,215442,266906.0,206071.0,False,3,965,100,661
503,36,28,0,0,2602,6384,10255.0,1804.0,144.0,129639.0,321523,266913.0,199414.0,False,1,965,100,18
504,10,6,4,2,667,4417,8818.281481481481,12713.389417989418,147.1037037037037,129639.0,317403,265618.0,361447.0,False,1,965,28,661
505,10,2,4,2,767,4417,8818.281481481481,12713.389417989418,147.1037037037037,129639.0,215442,265618.0,361447.0,False,1,965,33,661
506,10,33,4,2,2923,4417,8818.281481481481,12713.389417989418,147.1037037037037,129639.0,334762,265618.0,361447.0,False,1,965,249,661
507,10,1,4,2,432,4417,8818.281481481481,12713.389417989418,147.1037037037037,129639.0,211156,265618.0,361447.0,False,1,965,249,661
508,10,6,4,2,39,4417,8818.281481481481,12713.389417989418,147.1037037037037,129639.0,332780,265618.0,361447.0,False,1,965,249,661
509,10,1,4,2,432,4417,8818.281481481481,12713.389417989418,147.1037037037037,129639.0,211156,265618.0,361447.0,False,1,965,48,661
510,10,1,4,2,432,4417,8818.281481481481,12713.389417989418,147.1037037037037,129639.0,211156,265618.0,361447.0,False,1,965,62,661
511,10,2,4,2,767,4417,8818.281481481481,12713.389417989418,147.1037037037037,129639.0,215442,265618.0,361447.0,False,1,965,100,661
512,10,6,4,2,3,4417,8818.281481481481,12713.389417989418,147.1037037037037,129639.0,350086,265618.0,361447.0,False,1,965,33,661
513,10,20,4,2,1043,4417,8818.281481481481,12713.389417989418,147.1037037037037,129639.0,231960,265618.0,361447.0,False,1,965,100,661
514,10,33,4,2,2923,4417,8818.281481481481,12713.389417989418,147.1037037037037,129639.0,349010,265618.0,361447.0,False,1,965,63,661
515,10,6,4,2,667,4417,8818.281481481481,12713.389417989418,147.1037037037037,129639.0,317403,265618.0,361447.0,False,1,965,62,661
516,10,33,4,2,2923,4417,8818.281481481481,12713.389417989418,147.1037037037037,129639.0,334761,265618.0,361447.0,False,1,965,249,661
517,10,2,4,2,767,4417,8818.281481481481,12713.389417989418,147.1037037037037,129639.0,327032,265618.0,361447.0,False,3,965,62,661
518,10,2,4,2,16,4417,8818.281481481481,12713.389417989418,147.1037037037037,129639.0,207251,265618.0,361447.0,False,1,965,48,661
519,10,2,4,2,87,4417,8818.281481481481,12713.389417989418,147.1037037037037,129639.0,323661,265618.0,361447.0,False,1,965,62,661
520,10,2,4,2,767,4417,8818.281481481481,12713.389417989418,147.1037037037037,129639.0,215442,265618.0,361447.0,False,1,965,33,661
521,10,33,4,2,2930,4417,8818.281481481481,12713.389417989418,147.1037037037037,129639.0,335062,265618.0,361447.0,False,1,965,100,661
522,10,2,4,2,767,4417,8818.281481481481,12713.389417989418,147.1037037037037,129639.0,215441,265618.0,361447.0,False,2,965,249,661
523,10,2,4,2,767,4417,8818.281481481481,12713.389417989418,147.1037037037037,129639.0,327028,265618.0,361447.0,False,1,965,33,661
524,36,26,0,0,1707,6384,0.0,1811.0,144.0,196030.0,342359,178143.0,199414.0,False,1,965,33,661
525,11,37,0,0,3129,82,436.0,1806.0,144.0,129408.0,348273,280429.0,0.0,False,2,965,48,661
526,36,17,0,0,178,6384,439.0,1815.0,144.0,129639.0,129239,136127.0,199452.0,False,1,965,249,661
527,9,22,0,0,2174,405,0.0,1818.0,144.0,129408.0,347799,136127.0,359921.0,False,1,965,48,661
528,36,41,0,0,3290,6384,10286.0,1810.0,144.0,129639.0,356952,266906.0,199452.0,False,1,965,63,661
529,36,17,0,0,178,6384,0.0,1806.0,144.0,129639.0,337642,266906.0,199452.0,False,1,965,100,661
530,23,33,0,0,2923,1653,435.0,129163.0,144.0,129433.0,334759,266737.0,359919.0,False,1,965,28,661
531,15,0,0,0,3296,10553,10240.0,1802.0,144.0,129639.0,355768,266906.0,199414.0,False,1,965,63,661
532,4,20,0,0,1057,722,439.0,1815.0,144.0,0.0,315157,280429.0,360833.0,False,1,965,100,661
533,36,6,0,0,621,6384,34725.0,1807.0,144.0,129639.0,210786,266906.0,199452.0,False,1,965,249,661
534,36,41,0,0,3290,6384,0.0,1800.0,144.0,129639.0,356952,133765.0,199452.0,False,1,965,100,661
535,50,38,0,0,3130,10346,439.0,1815.0,144.0,129639.0,348322,151879.0,199452.0,False,1,965,100,661
536,17,0,0,0,3296,10511,440.0,1802.0,144.0,129408.0,355768,133765.0,360833.0,False,2,965,48,661
537,50,5,0,0,26,10346,0.0,1815.0,144.0,129639.0,339648,286194.0,199452.0,False,3,965,33,661
538,18,6,0,0,667,469,0.0,1807.0,144.0,129408.0,316898,136127.0,360833.0,False,1,965,62,661
539,36,6,0,0,3,6384,10251.0,1803.0,144.0,129639.0,239188,190004.0,199452.0,False,1,965,249,661
540,36,41,0,0,3290,6384,10310.0,1817.0,144.0,129639.0,356952,278926.0,199414.0,False,1,965,48,661
541,51,2,0,0,767,10199,437.0,1808.0,144.0,129408.0,215442,143124.0,359921.0,False,1,965,62,661
542,19,0,0,0,3296,3370,10302.0,1815.0,144.0,129408.0,355768,136127.0,360956.0,False,1,965,249,661
543,36,19,0,0,245,6384,10251.0,1803.0,144.0,129639.0,254786,266906.0,199414.0,False,1,965,48,661
544,36,6,0,0,3,6384,439.0,1815.0,144.0,129639.0,332783,156123.0,199414.0,False,1,965,48,661
545,31,20,0,0,1057,8973,437.0,1808.0,144.0,129408.0,319522,280429.0,360956.0,False,1,965,249,661
546,14,5,0,0,1135,4077,440.0,1802.0,144.0,129408.0,339657,187725.0,360833.0,False,1,965,28,661
547,32,0,0,0,3296,4551,440.0,1802.0,144.0,129639.0,355768,136127.0,199452.0,False,1,965,249,661
548,29,0,0,0,3296,4245,10240.0,1802.0,144.0,129639.0,355768,140092.0,199452.0,False,1,965,63,661
549,14,33,0,0,2923,4077,10240.0,1802.0,144.0,129433.0,334760,187725.0,360751.0,False,1,965,249,661
550,36,41,1,0,3290,6384,10310.0,1817.0,144.0,129639.0,356952,278926.0,199452.0,False,1,965,36,661
551,14,5,0,0,1135,4077,10240.0,1802.0,144.0,129408.0,339657,187725.0,359921.0,False,1,965,249,661
552,18,6,0,0,3,469,435.0,129163.0,144.0,129639.0,332775,280429.0,199452.0,False,1,965,62,661
553,36,41,0,0,3290,6384,10300.0,1815.0,144.0,129639.0,356952,136127.0,199452.0,False,1,965,249,661
554,36,17,0,0,178,6384,436.0,1806.0,144.0,129639.0,130098,266906.0,199625.0,False,2,965,48,661
555,36,17,0,0,178,6384,0.0,1803.0,144.0,129639.0,129239,151405.0,199414.0,False,2,965,39,661
556,38,20,0,0,2627,9767,0.0,1818.0,144.0,129408.0,322157,136127.0,360833.0,False,1,965,33,661
557,15,17,0,0,178,10553,0.0,1817.0,144.0,129639.0,129784,133765.0,199452.0,False,1,965,100,661
558,6,0,0,0,3296,4405,10310.0,1817.0,144.0,129639.0,355768,280429.0,199452.0,False,1,965,100,661
559,37,33,0,0,2923,6719,437.0,1808.0,144.0,129433.0,334762,266031.0,0.0,False,1,965,28,661
560,36,6,0,0,621,6384,0.0,1816.0,144.0,129639.0,356243,133765.0,199414.0,False,2,965,62,661
561,36,6,0,0,3,6384,437.0,1808.0,144.0,129639.0,239188,133765.0,199452.0,False,1,965,33,661
562,36,41,0,0,3290,6384,0.0,1810.0,144.0,129639.0,356952,280429.0,199414.0,False,1,965,39,661
563,36,17,0,0,178,6384,0.0,1807.0,144.0,129639.0,337643,280429.0,199414.0,False,1,965,249,661
564,9,41,0,0,3290,405,10240.0,1802.0,144.0,129639.0,356952,280429.0,199452.0,False,1,965,249,661
565,50,38,0,0,3130,10346,10233.0,1799.0,144.0,129639.0,348323,0.0,199452.0,False,1,965,63,661
566,36,17,0,0,178,6384,436.0,1806.0,144.0,129639.0,129239,159142.0,199452.0,False,1,965,63,661
567,27,18,0,0,2481,10244,435.0,129163.0,144.0,129408.0,348091,266737.0,360833.0,False,2,965,100,661
568,36,41,0,0,3290,6384,0.0,1807.0,144.0,129639.0,356952,136127.0,199452.0,False,1,965,36,661
569,21,12,0,0,1215,607,436.0,1806.0,144.0,129408.0,264415,136127.0,359919.0,False,1,965,249,661
570,36,16,0,0,2585,6384,0.0,1811.0,144.0,129639.0,321096,266906.0,199414.0,False,1,965,48,661
571,36,41,0,0,3290,6384,0.0,1803.0,144.0,129771.0,356952,143147.0,199414.0,False,1,965,249,661
572,36,17,0,0,178,6384,440.0,1802.0,144.0,129639.0,129239,266913.0,199452.0,False,1,965,249,661
573,36,17,0,0,178,6384,10240.0,1802.0,144.0,129639.0,129239,136127.0,199414.0,False,1,965,63,661
574,50,6,0,0,621,10346,435.0,129163.0,144.0,129639.0,210786,266737.0,361287.0,False,1,965,249,661
575,36,17,0,0,178,6384,439.0,1815.0,144.0,129639.0,129239,280429.0,199414.0,False,1,965,249,661
576,36,41,0,0,3290,6384,0.0,1807.0,144.0,129639.0,356952,280429.0,199452.0,False,1,965,249,661
577,36,41,0,0,3290,6384,34698.0,1817.0,144.0,129639.0,356952,187725.0,199414.0,False,1,965,36,661
578,36,41,0,0,3290,6384,10233.0,1799.0,144.0,129639.0,356952,266737.0,199414.0,False,1,965,63,661
579,36,41,0,0,3290,6384,34681.0,1804.0,144.0,129639.0,356952,136127.0,199452.0,False,1,965,249,661
580,8,17,0,0,283,1589,436.0,1806.0,144.0,129433.0,236059,280429.0,360833.0,False,1,965,100,661
581,36,17,0,0,178,6384,10243.0,1803.0,144.0,0.0,129239,280429.0,0.0,False,3,965,249,661
582,36,17,0,0,178,6384,10310.0,1817.0,144.0,129639.0,337645,268269.0,199452.0,False,2,965,100,18
583,36,41,0,0,3290,6384,0.0,1812.0,144.0,129639.0,356952,147958.0,199452.0,False,1,965,249,661
584,36,17,0,0,178,6384,10314.0,1817.0,144.0,129639.0,129239,280429.0,199414.0,False,2,965,100,18
585,26,0,0,0,3296,7243,10278.0,1808.0,144.0,129408.0,355768,136127.0,359921.0,False,1,965,63,661
586,36,6,0,0,3,6384,437.0,1808.0,144.0,129639.0,332783,161223.0,199522.0,False,1,965,100,661
587,36,6,0,0,3,6384,439.0,1815.0,144.0,129639.0,239188,266906.0,199414.0,False,1,965,62,661
588,15,9,0,0,1214,10553,437.0,1808.0,144.0,129408.0,323644,133765.0,206064.0,False,1,965,33,661
589,42,17,0,0,178,7229,10308.0,1817.0,144.0,129639.0,129784,133765.0,199414.0,False,1,965,249,661
590,21,15,0,0,1219,607,435.0,129163.0,144.0,129408.0,264409,280429.0,360833.0,False,2,965,249,661
591,36,41,0,0,3290,6384,439.0,1815.0,144.0,129639.0,356952,136127.0,199452.0,False,1,965,249,661
592,36,41,0,0,3290,6384,0.0,1807.0,144.0,129639.0,356952,280429.0,199414.0,False,1,965,28,661
593,53,20,0,0,1057,10549,438.0,1818.0,144.0,129408.0,315157,280429.0,206071.0,False,1,965,36,661
594,36,17,0,0,178,6384,0.0,1804.0,144.0,129639.0,129239,147958.0,199452.0,False,1,965,100,661
595,46,2,0,0,767,9115,10239.0,1801.0,144.0,129408.0,215442,280429.0,360831.0,False,1,965,28,661
596,36,1,0,0,4,6384,10250.0,1803.0,144.0,129639.0,207929,280429.0,199522.0,False,1,965,249,661
597,36,17,0,0,178,6384,333484.0,1804.0,144.0,129639.0,129239,172725.0,199522.0,False,1,965,249,661
598,26,0,0,0,3296,7243,10240.0,1802.0,144.0,129639.0,355768,170061.0,199452.0,False,1,965,249,661
599,36,17,0,0,178,6384,10286.0,1810.0,144.0,129639.0,129239,136127.0,199452.0,False,1,965,100,661
600,18,6,0,0,39,469,437.0,1808.0,144.0,129408.0,259298,136127.0,360833.0,False,1,965,249,661
601,36,6,0,0,3,6384,10240.0,1802.0,144.0,129639.0,332783,136127.0,199452.0,False,1,965,249,661
602,36,17,0,0,178,6384,10314.0,1817.0,144.0,129639.0,129239,280429.0,199522.0,False,1,965,63,661
603,36,41,0,0,3290,6384,0.0,1815.0,144.0,129639.0,356952,286194.0,199452.0,False,1,965,39,285
604,48,0,0,0,3296,10397,10240.0,1802.0,144.0,129639.0,355768,280429.0,199452.0,False,1,965,249,661
605,36,41,0,0,3290,6384,10278.0,1808.0,144.0,129639.0,356952,133765.0,199452.0,False,2,965,100,661
606,5,20,0,0,2627,6106,34727.0,1815.0,144.0,129408.0,322158,187725.0,360956.0,False,1,965,249,285
607,36,13,0,0,187,6384,0.0,1810.0,144.0,129639.0,336962,146364.0,199414.0,False,1,965,100,661
608,53,0,0,0,3296,10549,440.0,1802.0,144.0,129639.0,355768,280429.0,199452.0,False,1,965,249,661
609,12,29,0,0,2609,945,17741.0,2407.0,145.0,129408.0,322202,282895.0,360833.0,False,1,965,63,661
610,36,17,0,0,178,6384,10240.0,1802.0,144.0,129639.0,337642,132991.0,199414.0,False,1,965,48,661
611,36,6,0,0,3,6384,438.0,1818.0,144.0,129639.0,129838,280429.0,199414.0,False,1,965,249,661
612,36,6,0,0,3,6384,34755.0,1808.0,144.0,129639.0,239188,143124.0,199452.0,False,2,965,249,661
613,36,17,0,0,178,6384,10291.0,2578.0,144.0,129639.0,129239,136127.0,199452.0,False,1,965,100,661
614,36,41,0,0,3290,6384,34725.0,1807.0,144.0,129639.0,356952,280429.0,199414.0,False,1,965,36,661
615,53,20,0,0,2627,10549,438.0,1818.0,144.0,129408.0,322158,280429.0,359921.0,False,3,965,100,661
616,36,41,0,0,3290,6384,0.0,1807.0,144.0,129639.0,356952,0.0,199414.0,False,1,965,249,18
617,36,17,0,0,178,6384,437.0,1808.0,144.0,129639.0,129784,280429.0,199452.0,False,1,965,62,661
618,42,41,1,0,3290,7229,10269.0,1807.0,144.0,129639.0,356952,187725.0,199414.0,False,1,965,249,661
619,36,41,0,0,3290,6384,10262.0,1806.0,144.0,129467.0,356952,136127.0,199625.0,False,1,965,249,661
620,36,6,2,0,3,6384,10240.0,1802.0,144.0,129639.0,239188,166358.0,199452.0,False,1,965,62,661
621,36,17,0,0,178,6384,0.0,1811.0,144.0,129639.0,130098,178143.0,199452.0,False,1,965,39,661
622,36,41,0,0,3290,6384,10269.0,1807.0,144.0,129639.0,356952,158270.0,199414.0,False,1,965,249,661
623,36,41,0,0,3290,6384,435.0,129163.0,144.0,129639.0,356952,280429.0,199452.0,False,2,965,39,661
624,36,17,0,0,178,6384,34688.0,1814.0,144.0,129639.0,129239,189393.0,199452.0,False,2,965,39,661
625,36,17,0,0,178,6384,435.0,129163.0,144.0,129639.0,129239,280429.0,199452.0,False,2,965,48,661
626,36,1,0,0,4,6384,10240.0,1802.0,144.0,129639.0,208630,280429.0,199452.0,False,1,965,249,661
627,36,17,0,0,178,6384,10284.0,2570.0,144.0,129639.0,129239,266906.0,199452.0,False,1,965,39,661
628,15,36,0,0,3118,10553,10309.0,2577.0,144.0,129408.0,348201,273302.0,360831.0,False,1,965,249,661
629,36,6,0,0,3,6384,439.0,1815.0,144.0,129639.0,332783,280429.0,199414.0,False,1,965,28,661
630,20,9,0,0,85,4265,437.0,1808.0,144.0,129433.0,195755,280429.0,360833.0,False,1,965,249,661
631,19,0,0,0,3296,3370,34703.0,1818.0,144.0,129408.0,355768,136127.0,360833.0,False,1,965,249,661
632,36,2,0,0,16,6384,436.0,1806.0,144.0,129639.0,207972,280429.0,199452.0,False,1,965,249,285
633,18,6,0,0,39,469,436.0,1806.0,144.0,129408.0,355918,266737.0,360833.0,False,1,965,249,661
634,15,6,0,0,3,10553,438.0,1818.0,144.0,129639.0,332783,265493.0,199452.0,False,1,965,36,661
635,18,6,0,0,667,469,10282.0,1810.0,144.0,129408.0,357826,136127.0,359919.0,False,1,965,39,661
636,24,41,0,0,3290,8681,0.0,1805.0,144.0,129639.0,356952,266906.0,199452.0,False,1,965,36,661
637,36,1,0,0,4,6384,10279.0,1808.0,144.0,129639.0,353785,266906.0,199452.0,False,1,965,249,661
638,36,17,1,0,178,6384,438.0,1818.0,144.0,129639.0,129239,136127.0,199414.0,False,2,965,48,661
639,36,41,0,0,3290,6384,439.0,1815.0,144.0,129639.0,356952,136127.0,0.0,False,1,965,39,661
640,36,41,0,0,3290,6384,10291.0,2578.0,144.0,129639.0,356952,147958.0,199414.0,False,1,965,249,661
641,36,6,0,0,3,6384,10314.0,1817.0,144.0,129639.0,332783,281618.0,199452.0,False,1,965,36,18
642,8,6,0,0,3,1589,0.0,2440.0,145.0,129771.0,332775,149244.0,199452.0,False,1,965,100,661
643,45,25,1,0,568,8628,16713.0,2401.0,145.0,129639.0,209133,268261.0,199452.0,False,1,965,39,661
644,36,17,0,0,178,6384,10314.0,1817.0,144.0,129639.0,129239,277934.0,199452.0,False,1,965,100,661
645,36,9,0,0,15,6384,10240.0,1802.0,144.0,129639.0,323095,171002.0,199452.0,False,1,965,36,661
646,36,41,0,0,3290,6384,0.0,1807.0,144.0,129639.0,356952,280429.0,199452.0,False,1,965,249,661
647,36,6,0,0,3,6384,436.0,1806.0,144.0,129639.0,332783,266906.0,199452.0,False,1,965,36,661
648,36,41,0,0,3290,6384,34719.0,1815.0,144.0,129639.0,356952,280429.0,199452.0,False,1,965,249,661
649,49,0,0,0,3296,10063,10278.0,1808.0,144.0,0.0,355768,280429.0,359921.0,False,1,965,62,661
650,36,41,0,0,3290,6384,0.0,1807.0,144.0,196034.0,356952,266906.0,199452.0,False,1,965,63,661
651,36,6,0,0,3,6384,0.0,1807.0,144.0,129467.0,332783,133765.0,0.0,False,1,965,249,661
652,53,22,0,0,2607,10549,438.0,1818.0,144.0,129408.0,326573,280429.0,206070.0,False,2,965,48,661
653,36,6,0,0,3,6384,10232.0,1799.0,144.0,129639.0,239188,266906.0,199452.0,False,1,965,36,661
654,21,12,0,0,1215,607,436.0,1806.0,144.0,129408.0,264415,280429.0,360956.0,False,1,965,100,18
655,0,14,0,0,1217,10223,34725.0,1807.0,144.0,0.0,264411,0.0,359921.0,False,1,965,100,661
656,45,6,0,0,3,8628,0.0,2437.0,145.0,0.0,233531,272343.0,0.0,False,1,965,249,661
657,36,41,0,0,3290,6384,10295.0,1814.0,144.0,129639.0,356952,180932.0,0.0,False,2,965,33,661
658,21,12,0,0,1215,607,435.0,129163.0,144.0,129408.0,264415,136127.0,360833.0,False,1,965,249,285
659,36,41,0,0,3290,6384,0.0,1807.0,144.0,129639.0,356952,280429.0,199414.0,False,1,965,48,661
660,36,6,0,0,3,6384,437.0,1808.0,144.0,129639.0,332783,133765.0,199452.0,False,1,965,249,661
661,42,17,1,0,178,7229,0.0,1804.0,144.0,129639.0,337642,273302.0,199452.0,False,1,965,100,661
662,36,17,0,0,178,6384,34708.0,2570.0,144.0,129639.0,337642,266906.0,199505.0,False,1,965,36,18
663,19,0,0,0,3296,3370,0.0,1818.0,144.0,129408.0,355768,136127.0,359921.0,False,1,965,62,661
664,38,37,0,0,3128,9767,435.0,129163.0,144.0,129639.0,348268,136127.0,199414.0,False,3,965,100,661
665,36,41,0,0,3290,6384,10269.0,1807.0,144.0,129639.0,356952,266906.0,199452.0,False,3,965,100,661
666,36,2,0,0,16,6384,10285.0,1810.0,144.0,129639.0,324097,266906.0,199414.0,False,1,965,249,661
667,36,17,0,0,178,6384,10300.0,1815.0,144.0,129639.0,129239,0.0,199505.0,False,1,965,28,661
668,18,33,0,0,2923,469,437.0,1808.0,144.0,129433.0,349010,280043.0,360833.0,False,1,965,249,661
669,1,2,0,0,49,280,10240.0,1802.0,144.0,129408.0,323134,136127.0,360833.0,False,1,965,249,661
670,45,17,0,0,178,8628,0.0,2428.0,145.0,129639.0,129239,139766.0,199452.0,False,1,965,28,661
671,36,41,0,0,3290,6384,0.0,1815.0,144.0,129639.0,356952,266906.0,199452.0,False,2,965,28,661
672,36,17,0,0,178,6384,10254.0,1804.0,144.0,129639.0,337645,187580.0,199452.0,False,1,965,63,661
673,36,41,0,0,3290,6384,10314.0,1817.0,144.0,129639.0,356952,136127.0,199414.0,False,1,965,100,661
674,36,6,0,0,3,6384,437.0,1808.0,144.0,129639.0,332783,161223.0,199452.0,False,2,965,100,661
675,36,41,0,0,3290,6384,0.0,2570.0,144.0,129639.0,356952,266906.0,199452.0,False,1,965,100,661
676,15,3,0,0,76,10553,10243.0,1803.0,144.0,129433.0,355148,280429.0,359921.0,False,1,965,48,661
677,36,6,0,0,3,6384,34755.0,1808.0,144.0,129639.0,350086,136127.0,199452.0,False,2,965,63,661
678,53,0,0,0,3296,10549,440.0,1802.0,144.0,129639.0,355768,136127.0,199452.0,False,1,965,100,661
679,36,17,0,0,178,6384,10263.0,1806.0,144.0,129639.0,129784,131411.0,199452.0,False,1,965,48,661
680,36,17,0,0,178,6384,10287.0,1810.0,144.0,129639.0,337645,266906.0,199414.0,False,1,965,249,661
681,20,33,0,0,2923,4265,437.0,1808.0,144.0,129433.0,334762,280429.0,359921.0,False,3,965,100,661
682,19,0,0,0,3296,3370,10302.0,1815.0,144.0,129408.0,355768,136127.0,359919.0,False,1,965,62,661
683,50,17,0,0,178,10346,34714.0,1799.0,144.0,129639.0,130098,0.0,199452.0,False,1,965,249,661
684,36,6,0,0,3,6384,10240.0,1802.0,144.0,129639.0,350086,136127.0,199452.0,False,1,965,28,661
685,49,0,0,0,3296,10063,10240.0,1802.0,144.0,129771.0,355768,280429.0,361301.0,False,1,965,100,661
686,8,17,0,0,179,1589,10243.0,1803.0,144.0,129408.0,129235,280429.0,206070.0,False,1,965,62,661
687,1,6,0,0,667,280,10240.0,1802.0,144.0,129408.0,317403,280429.0,360833.0,False,1,965,100,661
688,11,11,0,0,1034,82,436.0,1806.0,144.0,129408.0,219845,280429.0,0.0,False,1,965,249,661
689,18,1,1,0,4,469,0.0,2440.0,145.0,129639.0,210765,266271.0,199452.0,False,2,965,28,661
690,36,17,0,0,178,6384,436.0,1806.0,144.0,129639.0,129237,266737.0,199452.0,False,2,965,249,661
691,36,41,0,0,3290,6384,435.0,129163.0,144.0,129639.0,356952,0.0,199414.0,False,1,965,100,661
692,18,17,0,0,179,469,0.0,1800.0,144.0,129408.0,337639,136127.0,0.0,False,1,965,63,661
693,36,17,0,0,178,6384,322890.0,1808.0,144.0,129639.0,129239,133765.0,199452.0,False,1,965,100,661
694,36,17,0,0,178,6384,10286.0,1810.0,144.0,129639.0,129239,273302.0,199452.0,False,1,965,249,661
695,36,1,1,0,4,6384,34727.0,1815.0,144.0,129639.0,353785,133765.0,199414.0,False,1,965,63,661
696,48,0,0,0,3296,10397,10240.0,1802.0,144.0,129639.0,355768,136127.0,199452.0,False,2,965,249,661
697,45,25,1,0,568,8628,16713.0,2401.0,145.0,129639.0,209126,268261.0,199452.0,False,1,965,36,661
698,42,17,0,0,178,7229,34714.0,1799.0,144.0,129639.0,129784,0.0,199452.0,False,2,965,36,661
699,36,17,0,0,178,6384,10314.0,1817.0,144.0,129639.0,129239,164681.0,199452.0,False,1,965,63,661
700,36,41,0,0,3290,6384,333484.0,1804.0,144.0,129639.0,356952,133765.0,199414.0,False,1,965,62,661
701,36,23,1,0,494,6384,439.0,1815.0,144.0,129639.0,346465,266737.0,199522.0,False,1,965,63,661
702,36,6,0,0,3,6384,440.0,1802.0,144.0,129639.0,332783,136127.0,0.0,False,1,965,62,661
703,36,1,0,0,4,6384,10278.0,1808.0,144.0,129639.0,129117,280429.0,199452.0,False,1,965,48,661
704,36,28,1,0,2602,6384,10300.0,1815.0,144.0,129639.0,321523,0.0,199452.0,False,1,965,100,661
705,36,17,0,0,178,6384,0.0,1807.0,144.0,129639.0,129239,270282.0,199452.0,False,1,965,100,661
706,18,1,0,0,4,469,439.0,1815.0,144.0,129639.0,210765,136127.0,199522.0,False,2,965,36,661
707,36,17,0,0,178,6384,10314.0,1817.0,144.0,129639.0,129239,280429.0,199452.0,False,1,965,100,661
708,36,38,0,0,3130,6384,0.0,1799.0,144.0,129639.0,348323,133765.0,199452.0,False,1,965,63,285
709,8,17,0,0,283,1589,435.0,129163.0,144.0,129433.0,236059,266737.0,359921.0,False,1,965,249,661
710,21,12,0,0,1215,607,436.0,1806.0,144.0,129408.0,264415,280429.0,360833.0,False,2,965,62,661
711,36,17,0,0,178,6384,10240.0,1802.0,144.0,129639.0,337645,132991.0,199452.0,False,2,965,62,661
712,36,17,0,0,178,6384,34755.0,1808.0,144.0,129639.0,129239,280429.0,199452.0,False,1,965,63,661
713,36,17,0,0,178,6384,0.0,1808.0,144.0,129641.0,129239,189497.0,199414.0,False,1,965,36,661
714,22,33,0,0,2923,732,437.0,1808.0,144.0,129433.0,334762,0.0,360833.0,False,1,965,39,661
715,53,0,0,0,3296,10549,10240.0,1802.0,144.0,129639.0,355768,280429.0,199452.0,False,1,965,249,18
716,50,6,0,0,3,10346,0.0,1799.0,144.0,129639.0,332775,266906.0,199522.0,False,2,965,249,661
717,36,17,2,0,178,6384,438.0,1818.0,144.0,129639.0,129784,133765.0,199522.0,False,1,965,62,661
718,36,29,0,0,2608,6384,0.0,1812.0,144.0,129639.0,322225,277934.0,199522.0,False,1,965,63,661
719,36,17,0,0,178,6384,10300.0,1815.0,144.0,129639.0,129237,266906.0,199452.0,False,1,965,249,661
720,36,17,0,0,178,6384,437.0,1808.0,144.0,129639.0,337645,180916.0,199522.0,False,1,965,100,661
721,36,28,0,0,2602,6384,0.0,1807.0,144.0,129639.0,325770,136127.0,199452.0,False,1,965,63,661
722,13,0,0,0,3296,10574,437.0,1808.0,144.0,0.0,355768,187725.0,206064.0,False,1,965,62,661
723,36,6,0,0,3,6384,435.0,129163.0,144.0,129639.0,332783,136127.0,199452.0,False,1,965,62,661
724,36,41,0,0,3290,6384,435.0,129163.0,144.0,129639.0,356952,280429.0,199452.0,False,1,965,63,661
725,55,33,0,0,2923,10679,437.0,1808.0,144.0,129433.0,349010,280429.0,360833.0,False,1,965,249,661
726,9,33,0,0,2923,405,0.0,1803.0,144.0,129433.0,334758,187725.0,360833.0,False,1,965,63,661
727,36,41,0,0,3290,6384,34728.0,1815.0,144.0,129639.0,356952,133765.0,199414.0,False,1,965,249,661
728,42,17,0,0,178,7229,10314.0,1817.0,144.0,129639.0,337642,280429.0,199452.0,False,2,965,36,661
729,36,29,0,0,2608,6384,435.0,129163.0,144.0,129639.0,325776,266737.0,199452.0,False,1,965,249,661
730,36,17,0,0,178,6384,0.0,1808.0,144.0,129639.0,129239,189393.0,199452.0,False,1,965,63,661
731,11,0,0,0,3296,82,437.0,1808.0,144.0,0.0,355768,136127.0,0.0,False,1,965,28,18
732,36,17,0,0,178,6384,34702.0,2572.0,144.0,129639.0,129239,280429.0,199452.0,False,1,965,63,661
733,36,1,1,0,4,6384,34727.0,1815.0,144.0,129639.0,355900,133765.0,199414.0,False,2,965,249,661
734,36,38,0,0,3130,6384,0.0,1799.0,144.0,129639.0,348323,136127.0,199452.0,False,1,965,249,661
735,36,2,0,0,16,6384,10314.0,1817.0,144.0,129639.0,341360,136127.0,199414.0,False,1,965,249,661
736,36,17,0,0,178,6384,0.0,1815.0,144.0,129639.0,129239,286194.0,199452.0,False,1,965,249,661
737,9,33,0,0,2923,405,10250.0,1803.0,144.0,129433.0,334759,280429.0,359919.0,False,1,965,63,661
738,50,17,0,0,178,10346,10300.0,1815.0,144.0,129639.0,129784,282315.0,199452.0,False,1,965,249,661
739,36,1,0,0,4,6384,10255.0,1804.0,144.0,129639.0,208630,136127.0,199452.0,False,1,965,249,18
740,36,5,0,0,26,6384,435.0,129163.0,144.0,129639.0,339647,273302.0,199452.0,False,1,965,249,661
741,36,6,0,0,3,6384,438.0,1818.0,144.0,129639.0,239188,265493.0,199452.0,False,1,965,249,661
742,36,17,0,0,178,6384,440.0,1802.0,144.0,129639.0,129239,136127.0,199625.0,False,1,965,28,661
743,36,28,0,0,2602,6384,34724.0,1807.0,144.0,129639.0,321523,164681.0,199522.0,False,1,965,249,661
744,48,0,0,0,3296,10397,439.0,1815.0,144.0,129408.0,355768,280429.0,360956.0,False,1,965,249,661
745,8,17,0,0,179,1589,10240.0,1802.0,144.0,129408.0,129235,187725.0,360849.0,False,1,965,100,661
746,0,17,0,0,179,10223,0.0,1808.0,144.0,129408.0,129235,266906.0,360833.0,False,1,965,249,661
747,53,0,0,0,3296,10549,10240.0,1802.0,144.0,129639.0,355768,280429.0,199452.0,False,1,965,100,661
748,21,32,0,0,2906,607,439.0,1815.0,144.0,129408.0,333256,266913.0,360833.0,False,1,965,33,661
749,36,6,0,0,3,6384,436.0,1806.0,144.0,129639.0,332783,134237.0,199452.0,False,3,965,249,661
750,18,6,0,0,667,469,435.0,129163.0,144.0,129408.0,316898,280429.0,360833.0,False,3,965,249,661
751,18,6,0,0,667,469,0.0,1799.0,144.0,129408.0,357826,133765.0,359921.0,False,1,965,100,661
752,36,41,1,0,3290,6384,436.0,1806.0,144.0,129639.0,356952,266906.0,199522.0,False,1,965,100,661
753,36,1,0,0,4,6384,0.0,1810.0,144.0,129639.0,353785,266906.0,199452.0,False,1,965,249,661
754,53,0,0,0,3296,10549,10240.0,1802.0,144.0,129639.0,355768,280429.0,199452.0,False,1,965,100,18
755,53,0,0,0,3296,10549,10240.0,1802.0,144.0,129639.0,355768,280429.0,199452.0,False,1,965,63,661
756,36,41,0,0,3290,6384,10314.0,1817.0,144.0,129639.0,356952,280429.0,199452.0,False,1,965,100,661
757,36,17,0,0,178,6384,10240.0,1802.0,144.0,129639.0,129239,281745.0,199452.0,False,1,965,249,661
758,26,0,0,0,3296,7243,437.0,1808.0,144.0,129408.0,355768,280429.0,360833.0,False,1,965,39,661
759,36,41,0,0,3290,6384,439.0,1815.0,144.0,129639.0,356952,180932.0,199414.0,False,1,965,63,661
760,36,17,0,0,178,6384,34708.0,2570.0,144.0,129639.0,337642,136127.0,199452.0,False,1,965,249,661
761,1,33,0,0,2923,280,437.0,1808.0,144.0,129433.0,334762,280429.0,359919.0,False,1,965,249,661
762,36,17,0,0,178,6384,10240.0,1802.0,144.0,129639.0,129239,136127.0,199414.0,False,1,965,48,661
763,36,17,0,0,178,6384,10287.0,1810.0,144.0,129639.0,337645,136127.0,199452.0,False,1,965,63,661
764,45,6,0,0,3,8628,9376.0,1504.0,149.0,129639.0,332783,0.0,199452.0,False,1,965,249,661
765,36,17,0,0,178,6384,435.0,129163.0,144.0,129467.0,337645,170424.0,0.0,False,1,965,100,661
766,36,1,0,0,4,6384,439.0,1815.0,144.0,129467.0,353785,280429.0,199452.0,False,1,965,249,661
767,36,10,0,0,17,6384,10278.0,1808.0,144.0,129639.0,323277,180933.0,199452.0,False,2,965,249,661
768,48,0,0,0,3296,10397,440.0,1802.0,144.0,129639.0,355768,136127.0,199452.0,False,1,965,48,661
769,36,17,0,0,178,6384,0.0,1818.0,144.0,129639.0,337643,151879.0,199452.0,False,1,965,100,661
770,36,41,1,0,3290,6384,10269.0,1807.0,144.0,129639.0,356952,187725.0,199414.0,False,1,965,62,661
771,36,17,0,0,178,6384,436.0,1806.0,144.0,129639.0,337645,266913.0,199625.0,False,1,965,249,661
772,18,17,0,0,179,469,435.0,129163.0,144.0,129408.0,210792,273302.0,360833.0,False,1,965,100,661
773,36,17,0,0,178,6384,34728.0,1815.0,144.0,129639.0,129239,136127.0,199452.0,False,1,965,62,661
774,18,3,0,0,76,469,0.0,2518.0,144.0,129433.0,355148,147211.0,359921.0,False,1,965,63,661
775,36,6,0,0,3,6384,439.0,1815.0,144.0,129771.0,332783,136528.0,199414.0,False,3,965,39,661
776,36,17,0,0,178,6384,439.0,1815.0,144.0,129639.0,129237,164681.0,199522.0,False,1,965,249,661
777,15,32,0,0,2906,10553,10300.0,1815.0,144.0,129408.0,357531,136127.0,360833.0,False,1,965,62,661
778,36,17,1,0,178,6384,0.0,1811.0,144.0,129639.0,129239,280429.0,199414.0,False,1,965,62,661
779,45,6,0,0,3,8628,0.0,1504.0,149.0,129639.0,332783,135885.0,199452.0,False,1,965,249,661
780,14,20,0,0,1057,4077,10240.0,1802.0,144.0,0.0,315157,187725.0,360765.0,False,1,965,39,661
781,0,17,0,0,179,10223,10240.0,1802.0,144.0,0.0,210792,281745.0,360833.0,False,1,965,249,661
782,36,6,0,0,3,6384,10313.0,1817.0,144.0,129639.0,239188,147570.0,199452.0,False,1,965,28,661
783,36,17,0,0,178,6384,438.0,1818.0,144.0,129639.0,337645,285749.0,199522.0,False,1,965,63,661
784,36,41,0,0,3290,6384,10292.0,1812.0,144.0,129639.0,356952,136127.0,199452.0,False,1,965,62,661
785,36,6,0,0,3,6384,0.0,1803.0,144.0,129639.0,239188,266913.0,199414.0,False,1,965,249,661
786,42,17,0,0,178,7229,0.0,1818.0,144.0,196030.0,337642,143792.0,199452.0,False,1,965,100,661
787,36,41,0,0,3290,6384,10300.0,1815.0,144.0,129639.0,356952,183263.0,199452.0,False,1,965,63,661
788,45,6,0,0,3,8628,0.0,2437.0,145.0,0.0,233531,272343.0,0.0,False,1,965,36,661
789,15,17,0,0,179,10553,0.0,1800.0,144.0,129408.0,210792,136127.0,360833.0,False,2,965,36,661
790,46,15,0,0,1219,9115,435.0,129163.0,144.0,129408.0,264409,136127.0,360833.0,False,2,965,249,661
791,36,17,0,0,178,6384,436.0,1806.0,144.0,129639.0,129784,266906.0,199452.0,False,2,965,249,661
792,36,6,0,0,3,6384,439.0,1815.0,144.0,129639.0,332783,136528.0,360138.0,False,1,965,249,661
793,36,17,1,0,178,6384,0.0,2580.0,144.0,129467.0,129239,281560.0,199625.0,False,1,965,62,661
794,50,1,0,0,4,10346,439.0,1815.0,144.0,129639.0,208630,280429.0,199452.0,False,3,965,100,661
795,15,0,0,0,3296,10553,10240.0,1802.0,144.0,129639.0,355768,266906.0,199414.0,False,1,965,39,661
796,36,5,0,0,26,6384,0.0,1807.0,144.0,129639.0,339647,280429.0,199452.0,False,1,965,100,661
797,46,2,0,0,767,9115,10286.0,1810.0,144.0,129408.0,215442,136127.0,359921.0,False,1,965,39,661
798,3,6,0,0,3,1133,0.0,0.0,426.0,129639.0,341149,177383.0,360145.0,False,1,965,100,661
799,36,6,0,0,3,6384,10278.0,1808.0,144.0,129639.0,341148,280429.0,199452.0,False,2,965,249,661
800,36,41,1,0,3290,6384,439.0,1815.0,144.0,129639.0,356952,133765.0,199452.0,False,1,965,100,661
801,36,6,0,0,3,6384,436.0,1806.0,144.0,129639.0,239188,183263.0,199452.0,False,1,965,249,661
802,36,6,0,0,3,6384,0.0,0.0,144.0,129639.0,318648,164044.0,199452.0,False,2,965,249,661
803,36,41,0,0,3290,6384,0.0,1807.0,144.0,129639.0,355688,280429.0,199452.0,False,1,965,249,661
804,47,20,0,0,2627,9836,437.0,1808.0,144.0,129408.0,322157,266906.0,359921.0,False,3,965,33,661
805,36,41,0,0,3290,6384,0.0,1807.0,144.0,129467.0,356952,267504.0,199452.0,False,1,965,249,661
806,36,17,0,0,178,6384,435.0,129163.0,144.0,129639.0,129239,280429.0,199414.0,False,1,965,249,661
807,56,6,0,0,3,10620,16713.0,2401.0,145.0,196034.0,207248,268643.0,199452.0,False,1,965,249,661
808,4,12,0,0,1215,722,10262.0,1806.0,144.0,129408.0,264415,136127.0,359921.0,False,1,965,33,661
809,36,17,1,0,178,6384,438.0,1818.0,144.0,129639.0,129784,136127.0,199414.0,False,2,965,249,661
810,31,1,0,0,432,8973,437.0,1808.0,144.0,129408.0,211156,280429.0,360831.0,False,1,965,100,18
811,21,0,0,0,3296,607,10278.0,1808.0,144.0,129408.0,355768,280429.0,360833.0,False,1,965,33,661
812,36,6,0,0,3,6384,0.0,1807.0,144.0,129639.0,332783,267504.0,199452.0,False,1,965,39,661
813,49,0,0,0,3296,10063,10295.0,1814.0,144.0,129639.0,355768,280429.0,361329.0,False,2,965,249,661
814,33,28,0,0,2604,4902,0.0,1807.0,144.0,129408.0,321533,136528.0,360833.0,False,2,965,28,661
815,36,6,0,0,3,6384,10235.0,1800.0,144.0,129639.0,239188,0.0,199452.0,False,1,965,48,661
816,36,41,0,0,3290,6384,439.0,1815.0,144.0,129639.0,356952,280429.0,199452.0,False,2,965,249,661
817,36,6,0,0,3,6384,10233.0,1799.0,144.0,129639.0,332775,187798.0,199452.0,False,2,965,33,661
818,36,41,0,0,3290,6384,10233.0,1799.0,144.0,129639.0,356952,269342.0,199452.0,False,1,965,249,661
819,0,0,0,0,3296,10223,438.0,1818.0,144.0,129408.0,355768,280429.0,0.0,False,1,965,249,661
820,21,2,0,0,767,607,10278.0,1808.0,144.0,129408.0,215442,280429.0,360833.0,False,1,965,100,661
821,53,0,0,0,3296,10549,10240.0,1802.0,144.0,129639.0,355768,280429.0,199452.0,False,1,965,249,661
822,4,6,1,0,3,722,435.0,129163.0,144.0,129639.0,350086,280429.0,199522.0,False,1,965,48,661
823,36,17,0,0,178,6384,0.0,1810.0,144.0,129639.0,129239,280429.0,199414.0,False,1,965,33,661
824,36,6,0,0,3,6384,439.0,1815.0,144.0,129639.0,332775,151879.0,199452.0,False,1,965,249,661
825,18,33,0,0,2923,469,437.0,1808.0,144.0,129433.0,334760,280429.0,360956.0,False,1,965,249,661
826,36,6,0,0,3,6384,10255.0,1804.0,144.0,129639.0,332775,171002.0,199452.0,False,1,965,36,661
827,53,33,0,0,2923,10549,438.0,1818.0,144.0,129433.0,334762,136127.0,360833.0,False,1,965,249,661
828,30,23,0,0,495,8784,437.0,1808.0,144.0,129408.0,208447,136127.0,360833.0,False,1,965,39,661
829,36,1,0,0,4,6384,0.0,1815.0,144.0,129639.0,129117,136127.0,199452.0,False,1,965,48,661
830,36,6,2,0,3,6384,438.0,1818.0,144.0,129639.0,332775,133765.0,199522.0,False,1,965,249,661
831,36,19,0,0,245,6384,10250.0,1803.0,144.0,129639.0,254793,151405.0,199452.0,False,1,965,249,661
832,21,14,0,0,1217,607,439.0,1815.0,144.0,129408.0,264411,266906.0,360833.0,False,3,965,249,661
833,33,18,0,0,2117,4902,435.0,129163.0,144.0,129408.0,341817,280429.0,360788.0,False,1,965,48,661
834,21,15,0,0,1219,607,435.0,129163.0,144.0,129408.0,264409,273302.0,360833.0,False,1,965,48,661
835,36,17,0,0,178,6384,10240.0,1802.0,144.0,129639.0,337645,177151.0,199522.0,False,1,965,63,661
836,36,17,0,0,178,6384,10289.0,1811.0,144.0,129639.0,129239,266906.0,199522.0,False,1,965,48,661
837,36,1,0,0,4,6384,10240.0,1802.0,144.0,129639.0,129117,280429.0,199414.0,False,2,965,249,18
838,36,17,0,0,178,6384,10239.0,1801.0,144.0,129639.0,129239,280429.0,199452.0,False,1,965,249,661
839,36,39,0,0,3149,6384,10235.0,1800.0,144.0,129639.0,349163,0.0,199452.0,False,2,965,249,661
840,36,28,0,0,2602,6384,0.0,1807.0,144.0,129639.0,321516,0.0,199414.0,False,1,965,39,285
841,6,1,0,0,432,4405,10240.0,1802.0,144.0,129408.0,211156,187725.0,359921.0,False,1,965,249,661
842,36,6,2,0,3,6384,10240.0,1802.0,144.0,129639.0,239188,136127.0,199452.0,False,1,965,62,661
843,36,41,0,0,3290,6384,10300.0,1815.0,144.0,129639.0,356952,136127.0,199452.0,False,1,965,62,285
844,36,41,0,0,3290,6384,439.0,1815.0,144.0,129639.0,356952,151879.0,199414.0,False,1,965,62,661
845,36,1,0,0,4,6384,438.0,1818.0,144.0,129639.0,207929,276494.0,199452.0,False,1,965,100,661
846,36,28,0,0,2602,6384,34726.0,1807.0,144.0,129639.0,321523,266906.0,199452.0,False,1,965,249,661
847,36,1,0,0,4,6384,439.0,1815.0,144.0,129639.0,353785,280429.0,0.0,False,1,965,48,661
848,36,29,0,0,2608,6384,0.0,1811.0,144.0,129639.0,322222,189393.0,199414.0,False,1,965,100,661
849,45,6,0,0,3,8628,0.0,2442.0,145.0,0.0,336477,265618.0,0.0,False,1,965,62,661
850,36,41,0,0,3290,6384,10261.0,1806.0,144.0,129639.0,356952,266906.0,199452.0,False,1,965,33,661
851,18,1,1,0,4,469,0.0,2440.0,145.0,129639.0,130014,266271.0,199452.0,False,1,965,100,661
852,36,15,0,0,204,6384,10233.0,1799.0,144.0,129639.0,337845,266906.0,199414.0,False,1,965,36,661
853,52,1,0,0,432,10517,0.0,1814.0,144.0,129408.0,211156,136127.0,359921.0,False,1,965,48,661
854,42,17,0,0,178,7229,10278.0,1808.0,144.0,129639.0,129784,280429.0,199452.0,False,1,965,63,661
855,36,17,0,0,178,6384,436.0,1806.0,144.0,129639.0,337645,266913.0,199414.0,False,1,965,48,661
856,36,17,0,0,178,6384,34714.0,1799.0,144.0,129639.0,130098,266906.0,199452.0,False,1,965,249,661
857,8,6,0,0,3,1589,0.0,0.0,425.0,196034.0,305506,183395.0,199452.0,False,1,965,39,661
858,36,6,0,0,3,6384,435.0,129163.0,144.0,129639.0,332783,180916.0,199452.0,False,1,965,249,661
859,18,15,0,0,1219,469,435.0,129163.0,144.0,129408.0,323642,280429.0,359921.0,False,1,965,100,661
860,32,0,0,0,3296,4551,10240.0,1802.0,144.0,196030.0,355768,280429.0,199586.0,False,1,965,48,661
861,36,17,0,0,178,6384,10278.0,1808.0,144.0,129639.0,337645,280429.0,199452.0,False,1,965,100,661
862,44,11,0,0,1034,9583,436.0,1806.0,144.0,129408.0,219845,136127.0,359921.0,False,1,965,100,661
863,14,20,0,0,1057,4077,440.0,1802.0,144.0,129408.0,319523,273302.0,360956.0,False,1,965,100,661
864,36,41,0,0,3290,6384,0.0,1803.0,144.0,129639.0,356952,136127.0,199522.0,False,1,965,249,661
865,36,38,0,0,3130,6384,435.0,129163.0,144.0,129639.0,348322,266737.0,199452.0,False,2,965,48,661
866,19,0,0,0,3296,3370,0.0,1807.0,144.0,129408.0,355768,136127.0,206070.0,False,1,965,100,661
867,36,17,0,0,178,6384,10313.0,1817.0,144.0,129639.0,337645,0.0,199452.0,False,1,965,249,661
868,36,17,0,0,178,6384,10243.0,1803.0,144.0,129639.0,129239,151402.0,199452.0,False,1,965,249,661
869,40,15,0,0,220,7144,436.0,1806.0,144.0,129467.0,356326,280429.0,0.0,False,1,965,249,661
870,19,0,0,0,3296,3370,0.0,1801.0,144.0,129408.0,355768,136127.0,359921.0,False,3,965,100,661
871,36,41,0,0,3290,6384,435.0,129163.0,144.0,129639.0,356952,266738.0,199452.0,False,1,965,63,661
872,45,6,0,0,3,8628,4845.0,1504.0,149.0,129639.0,129838,135885.0,199452.0,False,3,965,249,661
873,36,41,0,0,3290,6384,436.0,1806.0,144.0,129639.0,356952,266906.0,199414.0,False,3,965,100,661
874,18,5,0,0,1135,469,436.0,1806.0,144.0,129408.0,339657,136127.0,360833.0,False,1,965,63,661
875,36,17,0,0,178,6384,0.0,1811.0,144.0,129639.0,129239,266906.0,199452.0,False,1,965,63,661
876,36,6,0,0,3,6384,10240.0,1802.0,144.0,129639.0,332783,266913.0,199452.0,False,1,965,63,661
877,18,33,1,0,2923,469,437.0,1808.0,144.0,129433.0,334758,266913.0,359919.0,False,1,965,249,661
878,36,17,0,0,178,6384,0.0,0.0,144.0,129639.0,337645,273568.0,199414.0,False,1,965,249,661
879,2,17,0,0,179,577,10278.0,1808.0,144.0,129408.0,210792,280429.0,0.0,False,1,965,63,661
880,46,2,0,0,767,9115,10309.0,2577.0,144.0,129408.0,215442,280429.0,359921.0,False,1,965,100,661
881,36,17,0,0,178,6384,0.0,1799.0,144.0,129639.0,129237,147570.0,199452.0,False,2,965,63,285
882,49,0,0,0,3296,10063,10295.0,1814.0,144.0,129771.0,355768,280429.0,199505.0,False,1,965,63,661
883,30,0,0,0,3296,8784,10240.0,1802.0,144.0,129639.0,355768,266906.0,199414.0,False,1,965,36,661
884,19,0,0,0,3296,3370,0.0,1810.0,144.0,129408.0,355768,273302.0,359921.0,False,1,965,39,661
885,8,33,0,0,2923,1589,0.0,2406.0,145.0,129433.0,334761,186936.0,359919.0,False,1,965,249,661
886,36,6,0,0,3,6384,0.0,1805.0,144.0,129639.0,239188,266906.0,199414.0,False,1,965,249,661
887,36,41,1,0,3290,6384,439.0,1815.0,144.0,129639.0,356952,133765.0,199452.0,False,1,965,62,661
888,36,17,0,0,178,6384,34685.0,1812.0,144.0,129639.0,129784,266906.0,199452.0,False,1,965,28,661
889,48,0,0,0,3296,10397,10240.0,1802.0,144.0,129639.0,355768,280429.0,199452.0,False,1,965,62,661
890,28,6,0,0,3,6630,437.0,1808.0,144.0,129639.0,207253,0.0,199452.0,False,1,965,249,661
891,16,20,0,0,1057,6031,10295.0,1814.0,144.0,0.0,315157,136127.0,360833.0,False,1,965,33,661
892,8,28,0,0,2604,1589,17805.0,2440.0,145.0,129408.0,321533,282895.0,360956.0,False,1,965,249,661
893,8,33,0,0,2923,1589,437.0,1808.0,144.0,129433.0,337792,151879.0,359919.0,False,1,965,33,661
894,36,17,0,0,178,6384,10314.0,1817.0,144.0,129639.0,129239,280429.0,199414.0,False,1,965,249,661
895,36,1,0,0,4,6384,438.0,1818.0,144.0,129639.0,353785,180916.0,199452.0,False,1,965,249,661
896,36,17,0,0,178,6384,435.0,129163.0,144.0,129639.0,129784,269342.0,199414.0,False,1,965,100,661
897,36,17,0,0,178,6384,10295.0,1814.0,144.0,129639.0,129239,180931.0,199522.0,False,1,965,36,661
898,36,28,0,0,2602,6384,0.0,1807.0,144.0,129639.0,321523,187725.0,199452.0,False,1,965,63,661
899,36,17,0,0,178,6384,10255.0,1804.0,144.0,129639.0,129237,140092.0,199414.0,False,1,965,63,661
900,36,6,0,0,3,6384,439.0,1815.0,144.0,129639.0,239188,280429.0,199452.0,False,1,965,100,661
901,36,17,0,0,178,6384,437.0,1808.0,144.0,129639.0,129239,280429.0,199414.0,False,2,965,100,661
902,6,17,0,0,179,4405,10255.0,1804.0,144.0,129408.0,210793,136127.0,359921.0,False,1,965,33,661
903,36,41,0,0,3290,6384,439.0,1815.0,144.0,129467.0,356952,266913.0,199625.0,False,1,965,100,661
904,36,41,0,0,3290,6384,0.0,1807.0,144.0,129639.0,356952,267504.0,199452.0,False,1,965,249,661
905,50,17,0,0,178,10346,435.0,129163.0,144.0,129639.0,337642,153317.0,199414.0,False,1,965,249,661
906,8,15,0,0,1219,1589,0.0,0.0,423.0,129408.0,264409,168516.0,360833.0,False,2,965,249,661
907,52,20,0,0,2721,10517,10239.0,1801.0,144.0,0.0,326703,280429.0,360956.0,False,1,965,100,661
908,8,33,0,0,2923,1589,0.0,2419.0,145.0,129433.0,334758,139145.0,360833.0,False,1,965,100,661
909,36,14,0,0,205,6384,439.0,1815.0,144.0,129639.0,323098,266737.0,199452.0,False,1,965,28,661
910,50,29,0,0,2608,10346,0.0,1799.0,144.0,129639.0,322222,136127.0,199452.0,False,1,965,48,661
911,36,17,0,0,178,6384,10314.0,1817.0,144.0,129639.0,129239,136127.0,199414.0,False,1,965,28,661
912,36,38,0,0,3130,6384,436.0,1806.0,144.0,129639.0,348324,266913.0,199452.0,False,1,965,249,661
913,36,41,0,0,3290,6384,10300.0,1815.0,144.0,129639.0,356952,187725.0,199414.0,False,1,965,48,661
914,32,0,0,0,3296,4551,10240.0,1802.0,144.0,129639.0,355768,280429.0,199452.0,False,1,965,62,661
915,42,17,0,0,178,7229,435.0,129163.0,144.0,129639.0,337645,266738.0,199452.0,False,1,965,249,661
916,36,41,0,0,3290,6384,0.0,1817.0,144.0,129639.0,356952,280429.0,199414.0,False,1,965,62,661
917,36,1,0,0,4,6384,10269.0,1807.0,144.0,129639.0,129117,266906.0,199452.0,False,1,965,249,661
918,36,6,0,0,3,6384,437.0,1808.0,144.0,129639.0,341149,161223.0,199452.0,False,1,965,249,661
919,36,17,0,0,178,6384,438.0,1818.0,144.0,129639.0,129239,280429.0,199414.0,False,1,965,100,661
920,18,6,0,0,39,469,0.0,2571.0,144.0,129408.0,207018,280429.0,359919.0,False,1,965,100,661
921,8,14,0,0,214,1589,439.0,1815.0,144.0,0.0,323122,280429.0,360788.0,False,1,965,249,661
922,18,6,0,0,39,469,0.0,1800.0,144.0,129639.0,357824,280429.0,361447.0,False,1,965,63,661
923,33,29,0,0,2612,4902,436.0,1806.0,144.0,129408.0,322211,136127.0,360833.0,False,1,965,39,661
924,14,2,0,0,87,4077,10240.0,1802.0,144.0,129433.0,311072,280429.0,359919.0,False,1,965,249,661
925,16,2,0,0,767,6031,10295.0,1814.0,144.0,129408.0,360638,280429.0,360849.0,False,1,965,249,661
926,36,6,0,0,3,6384,10282.0,1810.0,144.0,129408.0,341148,136127.0,206070.0,False,1,965,249,661
927,18,15,0,0,1219,469,435.0,129163.0,144.0,129408.0,323642,151879.0,360831.0,False,1,965,48,661
928,50,1,0,0,4,10346,435.0,129163.0,144.0,129639.0,129117,277221.0,199452.0,False,1,965,62,661
929,36,41,0,0,3290,6384,10291.0,2578.0,144.0,129639.0,356952,172725.0,199414.0,False,2,965,39,661
930,36,41,0,0,3290,6384,439.0,1815.0,144.0,129639.0,356952,136127.0,199452.0,False,1,965,249,661
931,36,41,0,0,3290,6384,10278.0,1808.0,144.0,129639.0,356952,266906.0,199414.0,False,2,965,249,661
932,36,17,0,0,178,6384,0.0,1818.0,144.0,129639.0,129239,162352.0,199452.0,False,1,965,33,661
933,36,41,1,0,3290,6384,436.0,1806.0,144.0,129639.0,356952,266906.0,199522.0,False,2,965,249,661
934,36,17,0,0,178,6384,437.0,1808.0,144.0,129639.0,129239,266031.0,199414.0,False,2,965,249,661
935,36,17,0,0,178,6384,10278.0,1808.0,144.0,129639.0,337645,149741.0,199452.0,False,2,965,249,661
936,36,1,0,0,4,6384,439.0,1815.0,144.0,129639.0,208630,266906.0,199414.0,False,1,965,62,661
937,50,1,0,0,4,10346,435.0,129163.0,144.0,129639.0,129117,153317.0,199414.0,False,3,965,100,661
938,21,15,0,0,1219,607,435.0,129163.0,144.0,129408.0,264409,273302.0,360833.0,False,1,965,28,661
939,42,28,1,0,2602,7229,34727.0,1815.0,144.0,129639.0,321523,0.0,199452.0,False,1,965,249,661
940,36,17,0,0,178,6384,0.0,1817.0,144.0,129639.0,129239,266906.0,199452.0,False,1,965,249,661
941,36,6,0,0,3,6384,436.0,1806.0,144.0,196030.0,239188,136127.0,199452.0,False,2,965,62,661
942,36,17,0,0,178,6384,439.0,1815.0,144.0,129639.0,129239,133765.0,199452.0,False,1,965,36,661
943,36,6,0,0,3,6384,436.0,1806.0,144.0,129639.0,332783,136127.0,199414.0,False,2,965,63,285
944,45,6,0,0,3,8628,0.0,2437.0,145.0,0.0,233531,150733.0,0.0,False,1,965,100,661
945,8,6,0,0,667,1589,435.0,129163.0,144.0,129408.0,316898,136127.0,360833.0,False,1,965,48,1
946,36,41,0,0,3290,6384,10233.0,1799.0,144.0,129639.0,356952,266737.0,199452.0,False,2,965,249,661
947,36,6,0,0,3,6384,0.0,1808.0,144.0,129771.0,336007,266906.0,199414.0,False,3,965,100,661
948,36,17,0,0,178,6384,34755.0,1808.0,144.0,129639.0,129239,282203.0,199452.0,False,1,965,249,661
949,30,0,0,0,3296,8784,10291.0,2578.0,144.0,129639.0,355768,266906.0,199414.0,False,1,965,249,661
950,36,6,0,0,3,6384,10255.0,1804.0,144.0,129639.0,239188,136127.0,199452.0,False,1,965,249,661
951,36,41,0,0,3290,6384,10291.0,2578.0,144.0,129639.0,356952,280429.0,199522.0,False,1,965,249,661
952,34,0,0,0,3296,10319,437.0,1808.0,144.0,129408.0,355768,280429.0,359921.0,False,1,965,62,661
953,19,0,1,0,3296,3370,10278.0,1808.0,144.0,129408.0,355768,187725.0,360833.0,False,1,965,48,661
954,18,11,0,0,27,469,436.0,1806.0,144.0,129639.0,323273,266737.0,199452.0,False,1,965,62,661
955,18,17,0,0,179,469,0.0,1811.0,144.0,129408.0,337641,280429.0,360833.0,False,1,965,249,661
956,36,41,0,0,3290,6384,435.0,129163.0,144.0,129639.0,356952,133191.0,199414.0,False,2,965,48,661
957,50,14,0,0,205,10346,439.0,1815.0,144.0,129639.0,356314,280429.0,199452.0,False,1,965,249,661
958,36,17,0,0,178,6384,436.0,1806.0,144.0,129639.0,129239,136127.0,199414.0,False,1,965,249,661
959,36,17,0,0,178,6384,0.0,2571.0,144.0,129639.0,129239,280429.0,199452.0,False,1,965,63,285
960,4,20,0,0,1043,722,10255.0,1804.0,144.0,129433.0,321114,0.0,360956.0,False,1,965,249,661
961,33,33,0,0,2923,4902,10257.0,1805.0,144.0,129433.0,334758,280429.0,359919.0,False,1,965,249,661
962,50,18,0,0,379,10346,0.0,1799.0,144.0,129639.0,348089,136127.0,199522.0,False,1,965,100,661
963,36,41,0,0,3290,6384,34725.0,1807.0,144.0,129639.0,356952,0.0,199414.0,False,1,965,36,661
964,36,41,0,0,3290,6384,439.0,1815.0,144.0,129639.0,356952,136127.0,199452.0,False,1,965,63,661
